CNPJ,CNPJ Formatado,?? cliente ? ,Valor da compra,Mercadoria,Zona,Vendedores,Código do cliente,Potencial de compora,Nome,Razão Social,UF,Nome Fantasia,Latitude,Longitude,Cidade,Bairro,Endereço,CEP,Tipo de Estabelecimento,Funcionários do Grupo,Total de Contatos,??ndicie de Presença Digital,??ndicie Adoção Tecnológica,Tendência de Crescimento do Grupo,Nível de Atividade,Natureza Jurídica,Porte,Total de Filiais,Cnae Principal,Data de Abertura,Faixa de Capital Social,Faturamento anual,Website,E?mail Principal,Telefone Principal,Perfil do Linkedin,Perfil do Instagram,Perfil do Facebook,Perfil do Twitter,Total,Telefone Principal,Telefone Secundário 1,Telefone Secundário 2,Telefone Secundário 3,Demais Telefones,Nome Sócio 1,Qualificação Sócio 1,Nome Sócio 2,Qualificação Sócio 2,Nome Sócio 3,Qualificação Sócio 3,Demais Sócios,E?mails Secundários,Cnae Principal,Cnae Secundário 1,Cnae Secundário 2,Cnae Secundário 3,Demais Cnaes
16727230000197,16.727.230/0001?97,sim,5000,Arroz,Leste,Jose Alves,A? 20230101,Alto,THIAGO EDUARDO,FUNDO DO REGIME GERAL DE PREVIDENCIA SOCIAL,DF,FGRPS,?15.8057603,?47.881303,BRASILIA,ASA SUL,SETOR DE AUTARQUIAS SUL,70070946,MATRIZ,?,?,?,?,?,MEDIA,FUNDO PUBLICO DA ADMINISTRACAO INDIRETA FEDERAL,DEMAIS,0,8430200,2000?05?05,?,+500M,?,?,?,?,?,?,?,?,?,(61) 33134509,,,?,?,?,?,?,?,?,?,?,8430?2/00,?,?,?,?
05526783000165,05.526.783/0001?65,não,5001,Feijão,Oeste,Taila Querido,A? 20230102,Baixo,MAYARA KYSS,MINISTERIO DA CIDADANIA,DF,MINISTERIO DA CIDADANIA,?15.7974,?47.87468,BRASILIA,PLANO PILOTO,ESPLANADA DOS MINISTERIOS BLOCO C,70046900,MATRIZ,?,2,?,?,?,ALTA,ORGAO PUBLICO DO PODER EXECUTIVO FEDERAL,DEMAIS,3,8411600,2003?02?27,?,+500M,?,?,?,?,?,?,?,?,?,(61) 20302268,(61) 20201998,(61) 20302266,?,?,?,?,?,?,?,?,?,8411?6/00,?,?,?,?
33256439000139,33.256.439/0001?39,sim,5002,Café,Norte,Diogo Coelho,A? 20230103,Medio,IVAN MARQUES DA SILVA FILHO,ULTRAPAR PARTICIPACOES SA,SP,?,?23.561184,?46.64326,SAO PAULO,BELA VISTA,AVENIDA BRIGADEIRO LUIZ ANTONIO,1317910,MATRIZ,51 ? 200,104,?,?,ESTAVEL,ALTA,SOCIEDADE ANONIMA ABERTA,DEMAIS,2,6462000,1953?12?11,+500M,+500M,ultra.com.br,wilson@ultra.com.br,11031776601,?,?,?,?,1,?,(11) 31776601,(11) 31777246,,?,DECIO DE SAMPAIO AMARAL,DIRETOR,RODRIGO DE ALMEIDA PIZZINATTO,DIRETOR,TABAJARA BERTELLI COSTA,DIRETOR,"FREDERICO PINHEIRO FLEURY CURADO,JOAO BENJAMIN PAROLIN,MARCELO PEREIRA MALTA DE ARAUJO",?,6462?0/00,?,?,?,?
12592790000120,12.592.790/0001?20,não,5003,Leite,Sul,Lucas Soares,A? 20230104,Nulo,CAUANA WEBER ANDRADES,COSAN CINCO SA,SP,?,?23.57304,?46.68957,SAO PAULO,ITAIM BIBI,AVENIDA BRIGADEIRO FARIA LIMA,4538132,MATRIZ,?,54,?,?,ESTAVEL,ALTA,SOCIEDADE ANONIMA FECHADA,DEMAIS,0,6462000,2010?09?21,+500M,+500M,cosan.com.br,fiscalizacaocar@raizen.com,?,?,?,?,?,?,?,(19) 34238000,,,?,MARA LOURDES JUSTO PEZZOTTI,DIRETOR,LINEU PAULO MORAN FILHO,DIRETOR,JOSE ALEXANDRE MAGALHAES BAPTISTA,DIRETOR,"GERSON FRANCISCO,FILIPE AFFONSO FERREIRA",?,6462?0/00,?,?,?,?
04745350000138,04.745.350/0001?38,sim,5004,Pão,Leste,Arthur Parahyba,A? 20230105,sem informação,ARILSON VALE,WILKES PARTICIPACOES SA,SP,?,?23.573359,?46.655083,SAO PAULO,JARDIM PAULISTA,AVENIDA BRIGADEIRO LUIS ANTONIO,1402000,MATRIZ,?,?,?,?,EM DECLINIO,ALTA,SOCIEDADE ANONIMA FECHADA,DEMAIS,0,6462000,2001?10?23,+500M,+500M,?,?,?,?,?,?,?,?,?,(11) 38860599,,,?,ARNAUD DANIEL CHARLES WALTER JOACHIM STRASSER,CONSELHEIRO DE ADMINISTRACAO,JUAN JAVIER BORDABERRY HERRAN,DIRETOR,CARLOS EDUARDO PRADO,DIRETOR,?,?,6462?0/00,?,?,?,?
05526783000246,05.526.783/0002?46,não,5005,Milho,Oeste,Jose Alves,A? 20230106,Sem contato,PAMELA LIMA,MINISTERIO DA CIDADANIA,DF,POPSSESAN,?15.7974,?47.87468,BRASILIA,PLANO PILOTO,ESPLANADA DOS MINISTERIOS,70050000,FILIAL,?,2,?,?,?,ALTA,ORGAO PUBLICO DO PODER EXECUTIVO FEDERAL,DEMAIS,3,8411600,2005?08?19,?,+500M,?,?,?,?,?,?,?,?,?,?,?,?,?,?,?,?,?,?,?,?,?,?,?,?,?,?
02974336000180,02.974.336/0001?80,sim,5006,Ervilha,Norte,Taila Querido,A? 20230107,Alto,AMBERSON SILVA,MALIBRU AGRO INDUSTRIA DISTRIBUICAO IMPORTACAO E EXPORTACAO SA,CE,ALY,?3.43311,?39.14709,PARAIPABA,ZONA RURAL,FAZENDA SAO JOSE,62685000,MATRIZ,51 ? 200,?,?,?,EM CRESCIMENTO,ALTA,SOCIEDADE ANONIMA FECHADA,DEMAIS,3,151202,1999?01?01,R$100k ? R$1M,+500M,?,?,?,?,?,?,?,?,?,?,?,?,?,JOSE BRUNO BARBOSA DE ALMEIDA,DIRETOR,RAIMUNDO DIAS DE ALMEIDA,PRESIDENTE,IMACULADA MARIA FERREIRA BEZERRA,DIRETOR,?,?,0151?2/02,FABRICACAO DE PRODUTOS DE CARNE,COMERCIO ATACADISTA DE BOLSAS MALAS E ARTIGOS DE VIAGEM,FABRICACAO DE PRODUTOS DE LIMPEZA E POLIMENTO,"COMERCIO ATACADISTA DE OUTROS EQUIPAMENTOS E ARTIGOS DE USO PESSOAL E DOMESTICO NAO ESPECIFICADOS ANTERIORMENTE,FABRICACAO DE LATICINIOS,FABRICACAO DE CONSERVAS DE PEIXES CRUSTACEOS E MOLUSCOS,PREPARACAO DO LEITE,COMERCIO ATACADISTA DE SUPRIMENTOS PARA INFORMATICA,SERVICOS COMBINADOS DE ESCRITORIO E APOIO ADMINISTRATIVO,COMERCIO ATACADISTA DE INSTRUMENTOS E MATERIAIS PARA USO MEDICO CIRURGICO HOSP"
01083200000118,01.083.200/0001?18,não,5007,Lactobacilos vivos,Sul,Diogo Coelho,A? 20230108,Baixo,ANA EMILIA FELIPE DA SILVA,NEOENERGIA SA,RJ,?,?22.92997,?43.17462,RIO DE JANEIRO,FLAMENGO,PRAIA DO FLAMENGO,22210906,MATRIZ,?,369,?,?,EM CRESCIMENTO,ALTA,SOCIEDADE ANONIMA ABERTA,DEMAIS,0,6462000,1996?02?29,+500M,+500M,neoenergia.com,impostos.diretos@neoenergia.com,?,?,?,?,?,?,?,(21) 32359800,(21) 32359800,,?,FRANCISCO JAVIER HERNANDO ISLA,CONSELHEIRO DE ADMINISTRACAO,SOLANGE MARIA PINTO RIBEIRO,DIRETOR,CARLOS HENRIQUE QUADROS CHOQUETA,DIRETOR,"LAURA CRISTINA DA FONSECA PORTO,SANTIAGO MATIAS MARTINEZ GARRIDO,IVES CEZAR FULBER,MARCIO LUIZ MORAL,ANDRE AUGUSTO TELLES MOREIRA,JULIANO PANSANATO DE SOUZA,AIRES HYPOLITO,MARCUS MOREIRA DE ALMEIDA,LARA CRISTINA RIBEIRO PIAU MARQUES,JUSTO GARZON ORTEGA,MARCIO HAMILTON FERREIRA,EDUARDO CAPELASTEGUI SAIZ,ROGERIO ASCHERMANN MARTINS,LEONARDO PIMENTA GADELHA,ALEXANDRE TUJISOKI",?,6462?0/00,COMERCIO ATACADISTA DE ENERGIA ELETRICA,ATIVIDADES DE INTERMEDIACAO E AGENCIAMENTO DE SERVICOS E NEGOCIOS EM GERAL EXCETO IMOBILIARIOS,,?
00378257000181,00.378.257/0001?81,sim,5008,Arroz,Leste,Lucas Soares,A? 20230109,Medio,GABRIEL PEREIRA,FUNDO NACIONAL DE DESENVOLVIMENTO DA EDUCACAO,DF,F N D E,?15.7877,?47.88351,BRASILIA,ASASUL,SETOR BANCARIO SUL QD 02 BL F ED AURE,70070929,MATRIZ,201 ? 500,790,75,88,?,ALTA,AUTARQUIA FEDERAL,DEMAIS,6,8411600,1974?05?13,?,+500M,fnde.gov.br,?,?,http://www.linkedin.com/company/507999,?,?,?,?,?,?,?,?,?,?,?,?,?,?,?,?,?,8411?6/00,?,?,?,?
33256439000210,33.256.439/0002?10,não,5009,Feijão,Oeste,Arthur Parahyba,A? 20230110,Nulo,IGOR DOS ANJOS,ULTRAPAR PARTICIPACOES SA,SP,?,?23.00534,?47.11622,CAMPINAS,DISTRITO INDUSTRIAL,RUA SERGIO FERNANDES BORGES SOARES,13054709,FILIAL,201 ? 500,104,?,?,ESTAVEL,ALTA,SOCIEDADE ANONIMA ABERTA,DEMAIS,2,6462000,2019?09?04,+500M,+500M,?,wilson@ultra.com.br,11031776601,?,?,?,?,?,?,(11) 31777246,(11) 31776601,,?,TABAJARA BERTELLI COSTA,DIRETOR,JOAO BENJAMIN PAROLIN,DIRETOR,FREDERICO PINHEIRO FLEURY CURADO,PRESIDENTE,"MARCELO PEREIRA MALTA DE ARAUJO,RODRIGO DE ALMEIDA PIZZINATTO,DECIO DE SAMPAIO AMARAL",?,?,?,?,?,?
02429144000193,02.429.144/0001?93,sim,5010,Café,Norte,Jose Alves,A? 20230111,sem informação,CLAUDIO S CUIMAR,CPFL ENERGIA SA,SP,?,?22.85975,?47.04698,CAMPINAS,JARDIM PROFESSORA TARCILIA,RUA JORGE DE FIGUEIREDO CORREA,13087397,MATRIZ,4 ?15,709,?,?,EM CRESCIMENTO,ALTA,SOCIEDADE ANONIMA ABERTA,DEMAIS,1,6462000,1998?03?25,+500M,+500M,cpfl.com.br,backofficetributario@cpfl.com.br,?,?,?,?,?,?,?,(19) 37568020,,,?,VITOR FAGALI DE SOUZA,DIRETOR,LUIS HENRIQUE FERREIRA PINTO,DIRETOR,KARIN REGINA LUCHESI,DIRETOR,"FLAVIO HENRIQUE RIBEIRO,YUEHUI PAN,FUTAO HUANG,GUSTAVO ESTRELLA,GUSTAVO PINTO GACHINEIRO",?,6462?0/00,?,?,?,?
32785497000197,32.785.497/0001?97,não,5011,Leite,Sul,Taila Querido,A? 20230112,Sem contato,ANA COSTA,NATURA &CO HOLDING SA,SP,?,?23.50933,?46.73163,SAO PAULO,PARQUE ANHANGUERA,AVENIDA ALEXANDRE COLARES,5106000,MATRIZ,4 ?15,359,?,?,?,ALTA,SOCIEDADE ANONIMA ABERTA,DEMAIS,0,6462000,2019?02?15,+500M,+500M,naturaeco.com,a@a.com.br,11088888888,?,?,?,?,?,?,(11) 988888888,,,?,ITAMAR GAINO FILHO,DIRETOR,GUILHERME STRANO CASTELLAN,DIRETOR,PEDRO LUIZ BARREIROS PASSOS,CONSELHEIRO DE ADMINISTRACAO,"JOSELENA PERESSINOTO ROMERO,ANTONIO LUIZ DA CUNHA SEABRA,JOAO PAULO BROTTO GONCALVES FERREIRA,MOACIR SALZSTEIN,FABIO COLLETTI BARBOSA,GUILHERME PEIRAO LEAL,GILBERTO MIFANO,CARLA SCHMITZBERGER",?,6462?0/00,?,?,?,?
07954480000179,07.954.480/0001?79,sim,5012,Pão,Leste,Diogo Coelho,A? 20230113,Alto,ADRIANO GOZZI,ESTADO DO CEARA,CE,CE GOV GABINETE DO GOVERNADOR,?3.7416377,?38.5230905,FORTALEZA,CENTRO,AVENIDA ALBERTO NEPOMUCENO,60055000,MATRIZ,?,1178,?,96,?,ALTA,ESTADO OU DISTRITO FEDERAL,DEMAIS,0,8411600,1974?12?30,?,+500M,ceara.gov.br,mario.lemos@sefaz.ce.gov.br,85031019145,?,?,?,?,?,?,(85) 31019187,(85) 31019145,,?,?,?,?,?,?,?,?,?,8411?6/00,?,?,?,?
07043628000113,07.043.628/0001?13,não,5013,Milho,Oeste,Lucas Soares,A? 20230114,Baixo,MARIANA PRIMO,CLARO TELECOM PARTICIPACOES SA,SP,?,?23.63097,?46.69675,SAO PAULO,SANTO AMARO,RUA HENRI DUNANT,4709110,MATRIZ,?,?,?,?,?,ALTA,SOCIEDADE ANONIMA ABERTA,DEMAIS,0,6462000,2004?10?20,+500M,+500M,claropar.com.br,controlelegalizacoes.matriz@claro.com.br,?,?,?,?,?,?,?,(11) 21112165,,,?,JOSE ANTONIO GUARALDI FELIX,PRESIDENTE,ROBERTO CATALAO CARDOSO,DIRETOR,JOSE FORMOSO MARTINEZ,DIRETOR,?,?,6462?0/00,?,?,?,?
92690783000958,92.690.783/0009?58,sim,5014,Ervilha,Norte,Arthur Parahyba,A? 20230115,Medio,MARLENE QUERUBIM,METALURGICA GERDAU SOCIEDADE ANONIMA,RS,?,?30.02389,?51.21383,PORTO ALEGRE,FLORESTA,AVENIDA FARRAPOS,90220001,FILIAL,1 ? 3,?,?,?,EM DECLINIO,ALTA,SOCIEDADE ANONIMA ABERTA,DEMAIS,4,2592601,1985?08?27,+500M,+500M,?,?,?,?,?,?,?,?,?,?,?,?,?,FABIO EDUARDO DE PIERI SPINA,DIRETOR,MAURO DE PAULA,DIRETOR,WENDEL GOMES DA SILVA,DIRETOR,"RAFAEL DORNELES JAPUR,ANDRE BIER GERDAU JOHANNPETER,FLADIMIR BATISTA LOPES GAUTO,CESAR OBINO DA ROSA PERES,GUILHERME CHAGAS GERDAU JOHANNPETER,GUSTAVO WERNECK DA CUNHA,CLAUDIO JOHANNPETER,FERNANDO PESSANHA SANTOS,ALBERTO FERNANDES,HERMENIO PINTO GONCALVES,CARLOS JOSE DA COSTA ANDRE,AOD CUNHA DE MORAES JUNIOR,MARCOS EDUARDO FARACO WAHRHAFTIG,RUBENS FERNANDES PEREIRA",?,?,?,?,?,?
50746577000115,50.746.577/0001?15,não,5015,Lactobacilos vivos,Sul,Jose Alves,A? 20230116,Nulo,DELVAN SANTOS,COSAN SA,SP,?,?23.57304,?46.68957,SAO PAULO,ITAIM BIBI,AVENIDA BRIGADEIRO FARIA LIMA,4538132,MATRIZ,51 ? 200,127,?,4,EM CRESCIMENTO,ALTA,SOCIEDADE ANONIMA ABERTA,DEMAIS,2,6462000,1966?07?08,+500M,+500M,compassbr.com.br,fiscalizacaocar@raizen.com,?,http://www.linkedin.com/company/218465,?,?,?,?,?,(19) 34238000,,,?,MARIA RITA DE CARVALHO DRUMMOND,DIRETOR,LUIS HENRIQUE CALS DE BEAUCLAIR GUIMARAES,PRESIDENTE,MARCELO EDUARDO MARTINS,DIRETOR,RICARDO LEWIN,?,6462?0/00,DISTRIBUICAO DE COMBUSTIVEIS GASOSOS POR REDES URBANAS,FABRICACAO DE ALCOOL,DISTRIBUICAO DE ENERGIA ELETRICA,"CULTIVO DE CANADEACUCAR,PRODUCAO E DISTRIBUICAO DE VAPOR AGUA QUENTE E AR CONDICIONADO,FABRICACAO DE ACUCAR EM BRUTO,GERACAO DE ENERGIA ELETRICA"
14045781000145,14.045.781/0001?45,sim,5016,Arroz,Leste,Taila Querido,A? 20230117,sem informação,MARCELO DE SOUZA,CNP SEGUROS HOLDING BRASIL SA,DF,?,?15.78701,?47.88305,BRASILIA,ASA NORTE,SETOR SHN QUADRA 1 BLOCO E,70701050,MATRIZ,?,1141,?,10,EM CRESCIMENTO,ALTA,SOCIEDADE ANONIMA FECHADA,DEMAIS,0,6462000,2011?07?18,+500M,+500M,cnpbrasil.com.br,atendimentotributario@caixaseguros.com.br,?,?,?,?,?,?,?,(61) 21922400,,,?,ASMA ZIDANI EP BACCAR,PRESIDENTE,PAULO OTAVIO SILVA CAMARA,DIRETOR,EDUARDO FABIANO ALVES DA SILVA,DIRETOR,?,?,6462?0/00,?,?,?,?
26002119000197,26.002.119/0001?97,não,5017,Feijão,Oeste,Diogo Coelho,A? 20230118,Sem contato,DEIVERSON FERREIRA,STATE GRID BRAZIL POWER PARTICIPACOES SA,SP,?,?22.89884,?47.04627,CAMPINAS,NOVA CAMPINAS,RUA GUSTAVO AMBRUST,13092106,MATRIZ,1 ? 3,?,?,?,ESTAVEL,ALTA,SOCIEDADE ANONIMA FECHADA,DEMAIS,0,6462000,2016?08?22,+500M,+500M,?,?,?,?,?,?,?,?,?,(19) 971507108,,,?,FUTAO HUANG,DIRETOR,JIYONG CHAI,DIRETOR,YUNWEI LIU,DIRETOR,"DAOBIAO CHEN,YUEHUI PAN,MINGYAN LIU",?,6462?0/00,?,?,?,?
02313673000208,02.313.673/0002?08,sim,5018,Café,Norte,Lucas Soares,A? 20230119,Alto,MARCIA PEREIRA ARAUJO,AGENCIA NACIONAL DO PETROLEO GAS NATURAL E BIOCOMBUSTIVEIS,RJ,ESCRITORIO CENTRAL NO RIO DE JANEIRO  ECRJ,?22.8999983,?43.1795299,RIO DE JANEIRO,CENTRO RJ,AVENIDA RIO BRANCO,20090004,FILIAL,501 ? 1.000,181,?,?,?,ALTA,AUTARQUIA FEDERAL,DEMAIS,1,8411600,1998?01?15,?,+500M,,,,,,,,?,?,?,?,?,?,?,?,?,?,?,?,?,?,?,?,?,?,?
84429695000111,84.429.695/0001?11,não,5019,Leite,Sul,Arthur Parahyba,A? 20230120,Baixo,ALESSANDRO VITORINI,WEG SA,SC,WEG,?26.47822,?49.04986,JARAGUA DO SUL,?,AVENIDA PREFEITO WALDEMAR GRUBBA,89256900,MATRIZ,4 ?15,8440,?,?,ESTAVEL,ALTA,SOCIEDADE ANONIMA ABERTA,DEMAIS,0,6462000,1969?05?29,+500M,+500M,weg.net,contabil1@weg.net,47032764775,?,?,?,?,?,?,(47) 32764775,(47) 32764000,,?,HILTON JOSE DA VEIGA FARIA,DIRETOR,CARLOS DIETHER PRINZ,DIRETOR,JOAO PAULO GUALBERTO DA SILVA,DIRETOR,"EDUARDO DE NOBREGA,ANDRE LUIS RODRIGUES,ALBERTO YOSHIKAZU KUBA,CARLOS JOSE BASTOS GRILLO,HARRY SCHMELZER JUNIOR,MANFRED PETER JOHANN,JULIO CESAR RAMIRES,ELDER JURANDIR STRINGARI,ANDRE MENEGUETI SALGUEIRO",?,6462?0/00,FABRICACAO DE COMPONENTES ELETRONICOS,FABRICACAO DE GERADORES DE CORRENTE CONTINUA E ALTERNADA PECAS E ACESSORIOS,COMERCIO ATACADISTA DE MAQUINAS E EQUIPAMENTOS PARA USO INDUSTRIAL PARTES E PECAS,"FABRICACAO DE TRANSFORMADORES INDUTORES CONVERSORES SINCRONIZADORES E SEMELHANTES PECAS E ACESSORIOS,MANUTENCAO E REPARACAO DE GERADORES TRANSFORMADORES E MOTORES ELETRICOS,MANUTENCAO E REPARACAO DE MAQUINAS MOTRIZES NAOELETRICAS,MANUTENCAO E REPARACAO DE OUTRAS MAQUINAS E EQUIPAMENTOS PARA USOS INDUSTRIAIS NAO ESPECIFICADOS ANTERIORMENTE,ATIVIDADES DE CONSULTORIA EM GESTAO EMPRESARIAL EXCETO CONS"
07523555000167,07.523.555/0001?67,sim,5020,Pão,Leste,Jose Alves,A? 20230121,Medio,LUIZ ALVES,ENEL BRASIL SA,SP,ENEL,?23.6333007,?46.7167051,SAO PAULO,VILA GERTRUDES,AVENIDA DAS NACOES UNIDAS,4794000,MATRIZ,51 ? 200,251,?,?,EM CRESCIMENTO,ALTA,SOCIEDADE ANONIMA FECHADA,DEMAIS,3,6462000,2005?07?22,+500M,+500M,enel.com.br,fiscpro@enel.com,?,?,?,?,?,?,?,(21) 27161101,,,?,NICOLA COTUGNO,DIRETOR,JANAINA SAVINO VILELLA CARRO,DIRETOR,CRISTINE DE MAGALHAES MARCONDES,DIRETOR,"RAFFAELE ENRICO GRANDI,MARIO FERNANDO DE MELO SANTOS,ANNA PAULA HIOTTE PACHECO,AURELIO RICARDO BUSTILHO DE OLIVEIRA,JOSE NUNES DE ALMEIDA NETO,ALAIN ROSOLINO,GUILHERME GOMES LENCASTRE,MARCIA MASSOTTI DE CARVALHO,ANTONIO GUTIERREZ SILVA,GINO CELENTANO,FLAVIA DA SILVA BARAUNA,MARCIA SANDRA ROQUE VIEIRA SILVA,ANTONIO BASILIO PIRES DE CARVALHO E ALBUQUERQUE",vmateus@ampla.com,6462?0/00,ATIVIDADES DE COORDENACAO E CONTROLE DA OPERACAO DA GERACAO E TRANSMISSAO DE ENERGIA ELETRICA,COMERCIO VAREJISTA DE OUTROS PRODUTOS NAO ESPECIFICADOS ANTERIORMENTE,LOJAS DE VARIEDADES EXCETO LOJAS DE DEPARTAMENTOS OU MAGAZINES,"GERACAO DE ENERGIA ELETRICA,ATIVIDADES DE CONSULTORIA EM GESTAO EMPRESARIAL EXCETO CONSULTORIA TECNICA ESPECIFICA"
33611500000119,33.611.500/0001?19,não,5021,Milho,Oeste,Taila Querido,A? 20230122,Nulo,LUCAS VENANCIO,GERDAU SA,SP,?,?23.55927,?46.70764,SAO PAULO,PINHEIROS,AVENIDA DOUTORA RUTH CARDOSO,5425070,MATRIZ,31 ?50,?,?,?,EM CRESCIMENTO,ALTA,SOCIEDADE ANONIMA ABERTA,DEMAIS,9,2423702,1971?03?09,+500M,+500M,gerdau.com.br,cpg?dteicms@gerdau.com.br,?,?,?,?,?,?,?,(11) 30946600,,,?,RAFAEL DORNELES JAPUR,DIRETOR,MAURO DE PAULA,DIRETOR,FERNANDO PESSANHA SANTOS,DIRETOR,"GUILHERME CHAGAS GERDAU JOHANNPETER,GUSTAVO WERNECK DA CUNHA,CESAR OBINO DA ROSA PERES,AUGUSTO BRAUNA PINHEIRO,WENDEL GOMES DA SILVA,ANDRE BIER GERDAU JOHANNPETER,CLAUDIO JOHANNPETER,ALBERTO FERNANDES,MARCOS EDUARDO FARACO WAHRHAFTIG,HERMENIO PINTO GONCALVES,RUBENS FERNANDES PEREIRA,FABIO EDUARDO DE PIERI SPINA,FLADIMIR BATISTA LOPES GAUTO,CLAUDIA SENDER RAMIREZ",ingrid.moller@gerdau.com.br,2423?7/02,ATIVIDADES DO OPERADOR PORTUARIO,REPRESENTANTES COMERCIAIS E AGENTES DO COMERCIO DE MERCADORIAS EM GERAL NAO ESPECIALIZADO,HOLDINGS DE INSTITUICOES NAOFINANCEIRAS,REPRESENTANTES COMERCIAIS E AGENTES DO COMERCIO DE COMBUSTIVEIS MINERAIS PRODUTOS SIDERURGICOS E QUIMICOS
92690783000109,92.690.783/0001?09,sim,5022,Ervilha,Norte,Diogo Coelho,A? 20230123,sem informação,JHEYZIELI AGUILAR MACEDO,METALURGICA GERDAU SOCIEDADE ANONIMA,SP,?,?23.55927,?46.70764,SAO PAULO,PINHEIROS,AVENIDA DOUTORA RUTH CARDOSO,5425070,MATRIZ,?,?,?,?,EM DECLINIO,ALTA,SOCIEDADE ANONIMA ABERTA,DEMAIS,4,6463800,1969?06?24,+500M,+500M,?,?,?,?,?,?,?,?,?,(11) 30946100,,,?,GUSTAVO WERNECK DA CUNHA,PRESIDENTE,FERNANDO PESSANHA SANTOS,DIRETOR,ALBERTO FERNANDES,CONSELHEIRO DE ADMINISTRACAO,"CLAUDIO JOHANNPETER,GUILHERME CHAGAS GERDAU JOHANNPETER,CESAR OBINO DA ROSA PERES,WENDEL GOMES DA SILVA,CARLOS JOSE DA COSTA ANDRE,MARCOS EDUARDO FARACO WAHRHAFTIG,MAURO DE PAULA,AOD CUNHA DE MORAES JUNIOR,RUBENS FERNANDES PEREIRA,ANDRE BIER GERDAU JOHANNPETER,FLADIMIR BATISTA LOPES GAUTO,FABIO EDUARDO DE PIERI SPINA,RAFAEL DORNELES JAPUR,HERMENIO PINTO GONCALVES",?,6463?8/00,?,?,?,?
60651809000105,60.651.809/0001?05,não,5023,Lactobacilos vivos,Sul,Lucas Soares,A? 20230124,Sem contato,JHENIFFER BATISTA,SUZANO HOLDING SA,SP,?,?23.5695,?46.69134,SAO PAULO,JARDIM PAULISTANO,AVENIDA BRIGADEIRO FARIA LIMA 1355,1452919,MATRIZ,16 ?30,19,?,?,EM DECLINIO,ALTA,SOCIEDADE ANONIMA ABERTA,DEMAIS,0,6462000,1972?04?12,+500M,+500M,?,?,?,?,?,?,?,?,?,(11) 35039090,(11) 35039000,,?,GABRIELA FEFFER MOLL,DIRETOR,MARCOS SAMPAIO DE ALMEIDA PRADO,CONSELHEIRO DE ADMINISTRACAO,ALAN TERPINS,CONSELHEIRO DE ADMINISTRACAO,"DAVID FEFFER,MARCEL PAES DE ALMEIDA PICCINNO,ANTONIO DE SOUZA CORREA MEYER,ISABEL COTTA FERNANDINO DE FRANCA LEME,GERALDO JOSE CARBONE",?,6462?0/00,?,?,?,?
02149205000169,02.149.205/0001?69,sim,5024,Arroz,Leste,Arthur Parahyba,A? 20230125,Alto,JIDEAO MARQUETI,PORTO SEGURO SA,SP,?,?23.53242,?46.64412,SAO PAULO,CAMPOS ELISEOS,ALAMEDA BR DE PIRACICABA,1216012,MATRIZ,1 ? 3,?,?,?,ESTAVEL,ALTA,SOCIEDADE ANONIMA ABERTA,DEMAIS,0,6461100,1997?09?22,+500M,+500M,?,?,?,?,?,?,?,?,?,(11) 23935199,,,?,SAMI FOGUEL,DIRETOR,PEDRO LUIZ CERIZE,CONSELHEIRO DE ADMINISTRACAO,CELSO DAMADI,DIRETOR,"MARCO AMBROGIO CRESPI BONOMI,PATRICIA MARIA MURATORI CALFAT,ROBERTO DE SOUZA SANTOS,PAULO SERGIO KAKINOFF,ANA LUIZA CAMPOS GARFINKEL,ANDRE LUIS TEIXEIRA RODRIGUES,BRUNO CAMPOS GARFINKEL,MARCIO DE ANDRADE SCHETTINI,JOSE RIVALDO LEITE DA SILVA,MARCOS ROBERTO LOUCAO,LENE ARAUJO DE LIMA",?,6461?1/00,HOLDINGS DE INSTITUICOES NAOFINANCEIRAS,,,?
04213131000108,04.213.131/0001?08,não,5025,Feijão,Oeste,Jose Alves,A? 20230126,Baixo,JOSE WELLINGTON WELLINGTON,VICUNHA ACOS SA,SP,?,?23.56193,?46.67945,SAO PAULO,VILA OLIMPIA,RUA DO ROCIO,4552000,MATRIZ,?,?,?,?,ESTAVEL,ALTA,SOCIEDADE ANONIMA FECHADA,DEMAIS,0,6462000,2000?12?27,+500M,+500M,?,?,?,?,?,?,?,?,?,(11) 26200400,,,?,ARNO SCHWARZ,CONSELHEIRO DE ADMINISTRACAO,RICARDO STEINBRUCH,CONSELHEIRO DE ADMINISTRACAO,ELISABETH STEINBRUCH SCHWARZ,CONSELHEIRO DE ADMINISTRACAO,"LUIS FRANCA CAVALCA,RAFAEL GASPARELLO LIMA,BENJAMIN STEINBRUCH",?,6462?0/00,?,?,?,?
04786144000176,04.786.144/0001?76,sim,5026,Café,Norte,Taila Querido,A? 20230127,Medio,ANGELICA PACHECO,ANDRE MAGGI PARTICIPACOES SA,MT,?,?15.6014109,?56.0978917,CUIABA,ALVORADA,AVENIDA ANDRE ANTONIO MAGGI,78049080,MATRIZ,1 ? 3,448,?,?,ESTAVEL,ALTA,SOCIEDADE ANONIMA FECHADA,DEMAIS,0,6462000,2001?11?12,+500M,+500M,amaggi.com.br,juridicotributario@grupomaggi.com.br,?,?,?,?,?,?,?,(65) 36455342,(65) 36455208,,?,BRUNO MAGGI PISSOLLO,CONSELHEIRO DE ADMINISTRACAO,JULIANA DE LAVOR LOPES,DIRETOR,FABRICIO MAGGI SCHMIDT,CONSELHEIRO DE ADMINISTRACAO,"HUGO DE CARVALHO RIBEIRO,PLINIO TONIOLO SCHMIDT,NEREU BAVARESCO,LEONARDO MAGGI RIBEIRO,JUDINEY CARVALHO DE SOUZA,ANDRE SOUZA MAGGI,PEDRO JACYR BONGIOLO,DANTE POZZI,BELISA SOUZA MAGGI,WALDEMIR IVAL LOTO,LUCIA BORGES MAGGI,JOSE ANTONIO TADEU GUILHEN,ITAMAR LOCKS,SAMUEL MAGGI LOCKS,MARLI BORGES MAGGI",?,6462?0/00,?,?,?,?
02313673000127,02.313.673/0001?27,não,5027,Leite,Sul,Diogo Coelho,A? 20230128,Nulo,PEDRO PAULO AYRES PINTO,AGENCIA NACIONAL DO PETROLEO GAS NATURAL E BIOCOMBUSTIVEIS,DF,AGENCIA NACIONAL DO PETROLEO,?,?,BRASILIA,ASA NORTE,? SGAN QUADRA,70830030,MATRIZ,?,181,75,94,?,ALTA,AUTARQUIA FEDERAL,DEMAIS,1,8411600,1998?01?12,?,+500M,anp.gov.br,?,?,?,?,?,?,?,?,(61) 34265101,,,?,?,?,?,?,?,?,?,?,8411?6/00,?,?,?,?
17155730000164,17.155.730/0001?64,sim,5028,Pão,Leste,Lucas Soares,A? 20230129,sem informação,DANUZIA LIMA,COMPANHIA ENERGETICA DE MINAS GERAISCEMIG,MG,EST UNIF,?19.92098,?43.95494,BELO HORIZONTE,SANTO AGOSTINHO,AVENIDA BARBACENA,30190924,MATRIZ,51 ? 200,21108,100,100,EM CRESCIMENTO,ALTA,SOCIEDADE DE ECONOMIA MISTA,DEMAIS,5,3514000,1952?05?27,+500M,+500M,cemig.com.br,ediramos@cemig.com.br,?,?,?,?,?,?,(31) 35065024,(31) 35067500,,,?,THADEU CARNEIRO DA SILVA,DIRETOR,LEONARDO GEORGE DE MAGALHAES,DIRETOR,REYNALDO PASSANEZI FILHO,PRESIDENTE,"DIMAS COSTA,MARNEY TADEU ANTUNES,MARCO DA CAMINO ANCONA LOPEZ SOLIGO,HENRIQUE MOTTA PINTO",?,3514?0/00,CONSTRUCAO DE ESTACOES E REDES DE DISTRIBUICAO DE ENERGIA ELETRICA,DESENVOLVIMENTO E LICENCIAMENTO DE PROGRAMAS DE COMPUTADOR CUSTOMIZAVEIS,OUTRAS ATIVIDADES DE TELECOMUNICACOES NAO ESPECIFICADAS ANTERIORMENTE,"SUPORTE TECNICO MANUTENCAO E OUTROS SERVICOS EM TECNOLOGIA DA INFORMACAO,COMERCIO ATACADISTA DE ENERGIA ELETRICA,PESQUISA E DESENVOLVIMENTO EXPERIMENTAL EM CIENCIAS FISICAS E NATURAIS,SERVICOS DE REDES DE TRANSPORTES DE TELECOMUNICACOES  SRTT,TRANSMISSAO DE ENERGIA ELETRICA,GERACAO DE ENERGIA ELETRICA,SERVICOS DE ENGENHARIA,CONSULTORIA EM TECNOLOGIA DA INFORMACAO,ATIVIDADES DE COORDENACAO E CONTRO"
01832635000118,01.832.635/0001?18,não,5029,Milho,Oeste,Arthur Parahyba,A? 20230130,Sem contato,RAIMUNDO BARCELOS,TAM SA,SP,?,?23.637676,?46.66652,SAO PAULO,JARDIM BRASIL ZONA SUL,RUA ATICA,4634042,MATRIZ,?,?,?,?,EM DECLINIO,ALTA,SOCIEDADE ANONIMA FECHADA,DEMAIS,0,6462000,1997?05?16,+500M,+500M,?,?,?,?,?,?,?,?,?,(11) 950357319,(11) 950357339,,?,FLAVIA TURCI,CONSELHEIRO DE ADMINISTRACAO,SONIA JULIA SULZBECK VILLALOBOS,CONSELHEIRO DE ADMINISTRACAO,JEROME PAUL JACQUES CADIER,PRESIDENTE,"HENRI PHILIPPE REICHSTUL,MAURICIO ROLIM AMARO,FELIPE IGNACIO PUMARINO MENDOZA,JEFFERSON CESTARI",?,6462?0/00,?,?,?,?
24990777000109,24.990.777/0001?09,sim,5030,Ervilha,Norte,Jose Alves,A? 20230131,Alto,WALDECY LIRA,GRUPO MATEUS SA,MA,GRUPO MATEUS,?2.51412,?44.24508,SAO LUIS,COHAMA,AVENIDA DANIEL DE LA TOUCHE,65074115,MATRIZ,1 ? 3,?,?,?,?,ALTA,SOCIEDADE ANONIMA FECHADA,DEMAIS,0,6462000,2016?06?13,+500M,+500M,grupomateus.com.br,contabilidade@armateus.com.br,?,?,?,?,?,?,?,(98) 21083582,,,?,JESUINO MARTINS BORGES FILHO,PRESIDENTE,TULIO JOSE PITOL DE QUEIROZ,DIRETOR,ILSON MATEUS RODRIGUES,CONSELHEIRO DE ADMINISTRACAO,"ILSON MATEUS RODRIGUES JUNIOR,ILTON CARLOS MATEUS RODRIGUES",?,6462?0/00,?,?,?,?
07415333000120,07.415.333/0001?20,não,5031,Lactobacilos vivos,Sul,Taila Querido,A? 20230132,Baixo,WOLLASSY RAMOS,SIMPAR SA,SP,SIMPAR,?23.58141,?46.67447,SAO PAULO,ITAIM BIBI,RUA DOUTOR RENATO PAES DE BARROS,4530001,MATRIZ,4 ?15,625,?,?,EM DECLINIO,ALTA,SOCIEDADE ANONIMA ABERTA,DEMAIS,1,6462000,2005?06?03,+500M,+500M,simpar.com.br,roberta.tartaglia@simpar.com.br,?,?,?,?,?,?,?,(11) 23777043,,,?,DENYS MARC FERREZ,DIRETOR,SAMIR MOISES GILIO FERREIRA,DIRETOR,ANTONIO DA SILVA BARRETO JUNIOR,DIRETOR,"ADALBERTO CALIL,AUGUSTO MARQUES DA CRUZ FILHO,FERNANDO ANTONIO SIMOES FILHO,FERNANDO ANTONIO SIMOES,ALVARO PEREIRA NOVIS",?,6462?0/00,?,?,?,?
28253169000172,28.253.169/0001?72,sim,5032,Arroz,Leste,Diogo Coelho,A? 20230133,Medio,JADER ZILE,UNIAO NACIONAL DE ASSISTENCIA AOS SERVIDORES PUBLICOS,RJ,UNASP,?22.90826,?43177,RIO DE JANEIRO,CENTRO,AVENIDA ALMIRANTE BARROSO,20031003,MATRIZ,?,?,?,?,ESTAVEL,ALTA,ASSOCIACAO PRIVADA,DEMAIS,0,9430800,1983?07?13,?,+500M,unaspbrasil.org.br,unasp.maria@gmail.com,?,?,?,?,?,?,?,(21) 25188273,(21) 31725040,,?,SANDRA CRISTINA CARDINOT CAMPOS HILARIO,DIRETOR,KATIA MARIA MOREIRA SIMEN PEREIRA,DIRETOR,,,?,unaspbrasil@yahoo.com.br,9430?8/00,ATIVIDADES ASSOCIATIVAS NAO ESPECIFICADAS ANTERIORMENTE,EMISSAO DE VALESALIMENTACAO VALESTRANSPORTE E SIMILARES,ATIVIDADES DE ORGANIZACOES ASSOCIATIVAS LIGADAS A CULTURA E A ARTE,?
09007935000174,09.007.935/0001?74,não,5033,Feijão,Oeste,Lucas Soares,A? 20230134,Nulo,ADRIANA LESSA,MAPFRE BRASIL PARTICIPACOES SA,SP,?,?23.6002641,?46.6947028,SAO PAULO,BROOKLIN PAULISTA,AVENIDA DAS NACOES UNIDAS,4578000,MATRIZ,4 ?15,?,?,?,EM DECLINIO,ALTA,SOCIEDADE ANONIMA FECHADA,DEMAIS,0,6462000,2007?06?20,+500M,+500M,?,?,?,?,?,?,?,?,?,(11) 26635279,,,?,TIAGO DE FREITAS VIEIRA,DIRETOR,ANTONIO CLEMENTE CAMPANARIO,DIRETOR,JULIEN CLAUSSE,DIRETOR,"FERNANDO PEREZ SERRABONA GARCIA,JUAN CARLOS LANAU ARILLA,FELIPE COSTA DA SILVEIRA NASCIMENTO,SIDNEY RODRIGUES,IVAN PARASKEVOPOULOS SILVA",?,6462?0/00,?,?,?,?
76483817000120,76.483.817/0001?20,sim,5034,Café,Norte,Arthur Parahyba,A? 20230135,sem informação,MICHELE FERNANDA,COMPANHIA PARANAENSE DE ENERGIA,PR,COPEL,?25.4373238,?49.3409573,CURITIBA,ORLEANS,RUA JOSE IZIDORO BIAZETTO,81200240,MATRIZ,51 ? 200,621,?,?,EM DECLINIO,ALTA,SOCIEDADE DE ECONOMIA MISTA,DEMAIS,1,6462000,1966?08?03,+500M,+500M,copel.com,copel@copel.com,41033314141,?,?,?,?,?,?,(41) 33223535,(41) 33314141,,?,VICENTE LOIACONO NETO,DIRETOR,MARCEL MARTINS MALCZEWSKI,CONSELHEIRO DE ADMINISTRACAO,GUSTAVO BONINI GUEDES,CONSELHEIRO DE ADMINISTRACAO,"EDUARDO VIEIRA DE SOUZA BARBOSA,MARCO ANTONIO BOLOGNA,ANA LETICIA FELLER,LEILA ABRAHAM LORIA,FAUSTO AUGUSTO DE SOUZA,CASSIO SANTANA DA SILVA,ANDRIEI JOSE BEBER,CARLOS BIEDERMANN,DAVID CAMPOS,MARCO ANTONIO BARBOSA CANDIDO,DANIEL PIMENTEL SLAVIERO,ADRIANO RUDEK DE MOURA",?,6462?0/00,?,?,?,?
32695147000130,32.695.147/0001?30,não,5035,Leite,Sul,Jose Alves,A? 20230136,Sem contato,CARLA RUAS RABELO,EQUATORIAL ENERGIA DISTRIBUICAO SA,MA,?,?2.5633091,?44.317573,SAO LUIS,ANJO DA GUARDA,AVENIDA DOS PORTUGUESES,65085581,MATRIZ,?,1512,?,?,?,ALTA,SOCIEDADE ANONIMA FECHADA,DEMAIS,0,6462000,2019?02?07,+500M,+500M,equatorialenergia.com.br,ld.cartao.cnpj@equatorialenergia.com.br,?,?,?,?,?,?,?,(98) 32172220,,,?,AUGUSTO MIRANDA DA PAZ JUNIOR,PRESIDENTE,SERVIO TULIO DOS SANTOS,DIRETOR,HUMBERTO LUIS QUEIROZ NOGUEIRA,DIRETOR,"JOSE SILVA SOBRAL NETO,TINN FREIRE AMADO,LEONARDO DA SILVA LUCAS TAVARES DE LIMA",?,6462?0/00,?,?,?,?
07198897000159,07.198.897/0001?59,sim,5036,Pão,Leste,Taila Querido,A? 20230137,Alto,JOSE SOUSA,AGUASSANTA PARTICIPACOES SA,SP,?,?23.57304,?46.68957,SAO PAULO,ITAIM BIBI,AVENIDA BRIGADEIRO FARIA LIMA,4538132,MATRIZ,4 ?15,19,?,54,EM CRESCIMENTO,ALTA,SOCIEDADE ANONIMA FECHADA,DEMAIS,1,6462000,2005?01?06,+500M,+500M,reservajequitiba.com.br,deise.galoni@aguassanta.com.br,?,?,?,?,?,?,?,(19) 21054450,,,?,BURKHARD OTTO CORDES,DIRETOR,CELSO RENATO GERALDIN,DIRETOR,RUBENS OMETTO SILVEIRA MELLO,PRESIDENTE,?,sergiocorrer@aguassanta.com.br,6462?0/00,GESTAO E ADMINISTRACAO DA PROPRIEDADE IMOBILIARIA,ALUGUEL DE IMOVEIS PROPRIOS,,?
03983431000103,03.983.431/0001?03,não,5037,Milho,Oeste,Diogo Coelho,A? 20230138,Baixo,DAMIAN BORGOBELLO,EDP  ENERGIAS DO BRASIL SA,SP,EDP,?23.51263,?46.70931,SAO PAULO,LAPA DE BAIXO,RUA WERNER VON SIEMENS,5069900,MATRIZ,201 ? 500,18,75,91,EM CRESCIMENTO,ALTA,SOCIEDADE ANONIMA ABERTA,DEMAIS,1,6462000,2000?07?24,+500M,+500M,edp.com.br,cadastrofiscal@edpbr.com.br,11021855045,http://www.linkedin.com/company/73892,?,?,?,?,?,(11) 21855199,(11) 21855045,,?,CARLOS EMANUEL BAPTISTA ANDRADE,DIRETOR,LUIZ OTAVIO ASSIS HENRIQUES,DIRETOR,JOAO MANUEL VERISSIMO MARQUES DA CRUZ,PRESIDENTE,"FERNANDA NASCIMENTO PIRES CARSUGHI,HENRIQUE MANUEL MARQUES FARIA LIMA FREIRE",?,6462?0/00,?,?,?,?
00394460000141,00.394.460/0001?41,sim,5038,Ervilha,Norte,Lucas Soares,A? 20230139,Medio,CAMILLE LORRANE,MINISTERIO DA FAZENDA,DF,?,?15.7974,?47.87468,BRASILIA,ZONA CIVICO ADMINISTRATIVA,ESPLANADA DOS MINISTERIOS BLOCO P 5ANDAR,70048900,MATRIZ,?,2861,75,82,?,ALTA,ORGAO PUBLICO DO PODER EXECUTIVO FEDERAL,DEMAIS,478,8411600,1974?11?29,?,+500M,planejamento.gov.br,cnpj.df.spoa@fazenda.gov.br,61020215158,http://www.linkedin.com/company/1132313,?,?,?,?,?,(61) 20215015,(61) 20215158,,?,?,?,?,?,?,?,?,cnpj.df.spoa@fazenda.gov.br,8411?6/00,?,?,?,?
03353358000196,03.353.358/0001?96,não,5039,Lactobacilos vivos,Sul,Arthur Parahyba,A? 20230140,Nulo,LETICIA OLIVEIRA BARBOSA,MINISTERIO DO DESENVOLVIMENTO REGIONAL,DF,MINISTERIO DO DESENVOLVIMENTO REGIONAL,?15.788787,?47.893356,BRASILIA,ESPLANADA,ESPLANADA DOS MINISTERIOS,70062900,MATRIZ,501 ? 1.000,279,?,80,?,ALTA,ORGAO PUBLICO DO PODER EXECUTIVO FEDERAL,DEMAIS,4,8411600,1999?08?24,?,+500M,mdr.gov.br,contabilidade@integracao.gov.br,61020345210,?,?,?,?,?,?,(61) 20345210,(61) 20345981,,?,?,?,?,?,?,?,?,perlafc@mog.gov.br,8411?6/00,?,?,?,?
05197443000138,05.197.443/0001?38,sim,5040,Arroz,Leste,Jose Alves,A? 20230141,sem informação,MARIA MACEDO,HAPVIDA PARTICIPACOES E INVESTIMENTOS SA,CE,?,?3.73484,?38.52043,FORTALEZA,CENTRO,AVENIDA HERACLITO GRACA,60140060,MATRIZ,?,?,?,?,ESTAVEL,ALTA,SOCIEDADE ANONIMA ABERTA,DEMAIS,2,6462000,2001?09?21,+500M,+500M,?,?,?,?,?,?,?,?,?,?,?,?,?,IGOR XAVIER CORREIA LIMA,CONSELHEIRO DE ADMINISTRACAO,JORGE FONTOURA PINHEIRO KOREN DE LIMA,DIRETOR,ALBERTO SERRENTINO,CONSELHEIRO DE ADMINISTRACAO,"CANDIDO PINHEIRO KOREN DE LIMA,IRLAU MACHADO FILHO,ALAIN BENVENUTI,MAURICIO FERNANDES TEIXEIRA,MICHEL DAVID FREUND",?,6462?0/00,ATIVIDADES DE APOIO A GESTAO DE SAUDE,ATIVIDADES DE TERAPIA OCUPACIONAL,SERVICOS DE DIAGNOSTICO POR IMAGEM SEM USO DE RADIACAO IONIZANTE EXCETO RESSONANCIA MAGNETICA,"ATIVIDADES DE ASSISTENCIA PSICOSSOCIAL E A SAUDE A PORTADORES DE DISTURBIOS PSIQUICOS DEFICIENCIA MENTAL E DEPENDENCIA QUIMICA E GRUPOS SIMILARES NAO,SERVICOS DE DIALISE E NEFROLOGIA,ATIVIDADES DE ATENDIMENTO HOSPITALAR EXCETO PRONTOSOCORRO E UNIDADES PARA ATENDIMENTO A URGENCIAS,ATIVIDADE ODONTOLOGICA,ATIVIDADES DE PRATICAS INTEGRATIVAS E COMPLEMENTARES EM SAUDE HUMANA,SERVICOS COMBINADOS DE ESCR"
05448380000145,05.448.380/0001?45,não,5041,Feijão,Oeste,Taila Querido,A? 20230142,Sem contato,BETINHA HSANTA,FUNDO CONSTITUCIONAL DO DISTRITO FEDERAL  FCDF,DF,?,?15.78592,?47.91041,BRASILIA,BRASILIA,? ANEXO DO PALACIO DO BURITI ANDAR,70070500,MATRIZ,?,?,?,?,?,BAIXA,FUNDO PUBLICO DA ADMINISTRACAO DIRETA FEDERAL,DEMAIS,0,8411600,2002?12?30,?,+500M,?,?,?,?,?,?,?,?,?,?,?,?,?,?,?,?,?,?,?,?,?,8411?6/00,?,?,?,?
08803085000158,08.803.085/0001?58,sim,5042,Café,Norte,Diogo Coelho,A? 20230143,Alto,GABRIELLA ALBUQUERQUE,VDQ HOLDINGS SA,SP,?,?20.5647848,?48.5694945,BARRETOS,MELO,RUA 28,14780110,MATRIZ,?,6,?,58,ESTAVEL,ALTA,SOCIEDADE ANONIMA FECHADA,DEMAIS,0,6462000,2007?05?04,R$5M ? R$20M,+500M,vdqholdings.com.br,fiscal@minerva.ind.br,17033213343,?,?,?,?,?,?,(17) 33213343,(17) 33213355,,?,IZONEL VILELA DE QUEIROZ,ADMINISTRADOR,CLERTON SILVA QUEIROZ,DIRETOR,CRISTIANO CAMPOZANA DE QUEIROZ,DIRETOR,"EDIVAR VILELA DE QUEIROZ,ISMAEL VILELA DE QUEIROZ,FREDERICO ALCANTARA DE QUEIROZ,EDUARDO SCANNAVINO DE QUEIROZ,FERNANDO GALLETTI DE QUEIROZ,ISABEL CRISTINA DE ALCANTARA QUEIROZ,REGINA CELIA SCANNAVINO DE QUEIROZ,NORBERTO LANZARA GIANGRANDE JUNIOR,IBAR VILELA DE QUEIROZ,RAFAEL VICENTINI DE QUEIROZ",?,6462?0/00,?,?,?,?
00394411000109,00.394.411/0001?09,não,5043,Leite,Sul,Lucas Soares,A? 20230144,Baixo,GESSE CELESTINO,PRESIDENCIA DA REPUBLICA,DF,SECRETARIA DE ADMINISTRACAO DA PRESIDENCIA DA REPUBLICA,?15.79993,?47.86172,BRASILIA,EIXO MONUMENTAL,PRACA DOS TRES PODERES,70100000,MATRIZ,1.001 ? 5.000,1072,75,80,?,ALTA,ORGAO PUBLICO DO PODER EXECUTIVO FEDERAL,DEMAIS,2,8411600,1974?11?29,?,+500M,planalto.gov.br,?,?,http://www.linkedin.com/company/1691592,?,?,?,?,?,(61) 34113274,,,?,?,?,?,?,?,?,?,?,8411?6/00,?,?,?,?
42150391000170,42.150.391/0001?70,sim,5044,Pão,Leste,Arthur Parahyba,A? 20230145,Medio,KLEITON NUNES,BRASKEM SA,BA,BRASKEM,?12.6612718,?38.3165416,CAMACARI,POLO INDUSTRIAL DE CAMACARI,RUA ETENO,42816200,MATRIZ,501 ? 1.000,33829,?,?,EM CRESCIMENTO,ALTA,SOCIEDADE ANONIMA ABERTA,DEMAIS,38,2021500,1973?03?12,+500M,+500M,braskem.com.br,cadastroempresas@braskem.com,?,?,?,?,?,?,?,(71) 35047100,,,?,ROBERTO FALDINI,CONSELHEIRO DE ADMINISTRACAO,EDISON TERRA FILHO,DIRETOR,ROBERTO BISCHOFF,PRESIDENTE,"HECTOR NUNEZ,JULIANA SA VIEIRA BAIARDI,MARCELO ARANTES DE CARVALHO,JOSE LUIS BRINGEL VIDAL,EDUARDO BACELLAR LEAL FERREIRA,JOSE MAURO METTRAU CARNEIRO DA CUNHA,DANIEL SALES CORREA,JOAO PINHEIRO NOGUEIRA BATISTA,PEDRO VAN LANGENDONCK TEIXEIRA DE FREITAS,MARCELO DE OLIVEIRA CERQUEIRA,MARCELO KLUJSZA,GESNER JOSE DE OLIVEIRA FILHO,CHARLES LENZI",?,2021?5/00,COMERCIO ATACADISTA DE OUTROS PRODUTOS QUIMICOS E PETROQUIMICOS NAO ESPECIFICADOS ANTERIORMENTE,HOLDINGS DE INSTITUICOES NAOFINANCEIRAS,FABRICACAO DE ARTEFATOS DE MATERIAL PLASTICO PARA USOS INDUSTRIAIS,"PRODUCAO E DISTRIBUICAO DE VAPOR AGUA QUENTE E AR CONDICIONADO,CARGA E DESCARGA,COMERCIO ATACADISTA DE ALCOOL CARBURANTE BIODIESEL GASOLINA E DEMAIS DERIVADOS DE PETROLEO EXCETO LUBRIFICANTES NAO REALIZADO POR TRANSPORTADOR RE,COMERCIO ATACADISTA DE RESINAS E ELASTOMEROS,TRANSPORTE MARITIMO DE CABOTAGEM  CARGA,TESTES E ANALISES TECNICAS,ALUGUEL DE OUTRAS MAQUINAS E EQUIPAMENTOS COMERCIAIS E INDUST"
09305994000129,09.305.994/0001?29,não,5045,Milho,Oeste,Jose Alves,A? 20230146,Nulo,GABRIEL APARECIDO DE OLIVEIRA TEIXEIRA,AZUL SA,SP,?,?23.48481,?46.83589,BARUERI,TAMBORE,AVENIDA MARCOS PENTEADO DE ULHOA RODRIGUES,6460040,MATRIZ,1 ? 3,?,?,?,ESTAVEL,ALTA,SOCIEDADE ANONIMA ABERTA,DEMAIS,0,6462000,2008?01?16,+500M,+500M,voeazul.com.br,tributario@voeazul.com.br,?,?,?,?,?,?,?,(11) 41349800,,,?,JOHN PETER RODGERSON,PRESIDENTE,ANTONIO FLAVIO TORRES MARTINS COSTA,DIRETOR,ABHI MANOJ SHAH,DIRETOR,ALEXANDRE WAGNER MALFITANI,?,6462?0/00,?,?,?,?
43149806000159,43.149.806/0001?59,sim,5046,Ervilha,Norte,Taila Querido,A? 20230147,sem informação,PAULA SOUZA,HONDA SOUTH AMERICA LTDA,SP,?,?22.8311,?47.20323,SUMARE,PARQUE SANTO ANTONIO NOVA VENEZA,ESTRADA NCIO CALEGARI 777,13181903,MATRIZ,?,18,?,?,ESTAVEL,ALTA,SOCIEDADE EMPRESARIA LIMITADA,DEMAIS,0,6461100,1971?10?29,R$100M ? R$500M,+500M,bancohonda.com.br,honda@honda.com.br,11082638814,?,?,?,?,?,?,(11) 982638814,(19) 38647509,(19) 982638814,(11) 38647509,ROBERTO YOSHIO AKIYAMA,ADMINISTRADOR,MASAICHI KOBAYASHI,SOCIO ADMINISTRADOR,ATSUSHI FUJIMOTO,SOCIO ADMINISTRADOR,HONDA MOTOR CO LTD,?,6461?1/00,HOLDINGS DE INSTITUICOES NAOFINANCEIRAS,,,?
09458121000156,09.458.121/0001?56,não,5047,Lactobacilos vivos,Sul,Diogo Coelho,A? 20230148,Sem contato,MARIA CARLA,INSTITUTO EDP ENERGIAS DO BRASIL,SP,INSTITUTO EDP,?23.59498,?46.68957,SAO PAULO,VILA OLIMPIA,RUA GOMES DE CARVALHO,4547006,MATRIZ,4 ?15,137,?,?,ESTAVEL,ALTA,ASSOCIACAO PRIVADA,DEMAIS,0,9499500,2007?12?10,?,+500M,edp.com.br,cadastrofiscal@edpbr.com.br,11021855000,?,?,?,?,?,?,(11) 21855010,(11) 21855000,,?,PAULO ALEXANDRE PIRES DE CAMPOS COSTA,DIRETOR,MIGUEL NUNO SIMOES NUNES FERREIRA SETAS,DIRETOR,PEDRO MIGUEL DE ALMEIDA GOMES ANTUNES SIRGADO,DIRETOR,"MICHEL NUNES ITKES,LUIS CARLOS GOUVEIA PEREIRA",cleuzi.santos@edpbr.com.br,9499?5/00,?,?,?,?
03953638000135,03.953.638/0001?35,sim,5048,Arroz,Leste,Lucas Soares,A? 20230149,Alto,WEMERSON APARECIDO DA SILVA FERREIRA,ORGANIZACOES GLOBO PARTICIPACOES SA,RJ,?,?22.96438,?43.22096,RIO DE JANEIRO,JARDIM BOTANICO,RUA LOPES QUINTAS,22460010,MATRIZ,?,?,?,26,ESTAVEL,ALTA,SOCIEDADE ANONIMA FECHADA,DEMAIS,0,6462000,2000?07?13,+500M,+500M,ouvidoriagrupoglobo.com.br,?,?,?,?,?,?,?,?,(21) 22522500,(21) 21299065,,?,JOAO ROBERTO MARINHO,DIRETOR,ROBERTO MARINHO NETO,DIRETOR,,,?,?,6462?0/00,?,?,?,?
03220438000254,03.220.438/0002?54,não,5049,Feijão,Oeste,Arthur Parahyba,A? 20230150,Baixo,RENATO GARCIA,EQUATORIAL ENERGIA SA,DF,?,?15.78806,?47.88245,BRASILIA,ASA SUL,QUADRA ST SCSB QUADRA 9,70308200,FILIAL,4 ?15,4360,?,?,EM DECLINIO,ALTA,SOCIEDADE ANONIMA ABERTA,DEMAIS,2,6462000,2008?04?09,+500M,+500M,?,rodolfo.siqueira@equatorialenergia.com.br,?,?,?,?,?,?,?,(98) 32172351,,,?,ANDRE LUIZ BARATA PESSOA,DIRETOR,LEONARDO DA SILVA LUCAS TAVARES DE LIMA,DIRETOR,MAURICIO ALVARES DA SILVA VELLOSO FERREIRA,DIRETOR,"HUMBERTO LUIS QUEIROZ NOGUEIRA,CRISTIANO DE LIMA LOGRADO,GUILHERME MEXIAS ACHE,PAULO JERONIMO BANDEIRA DE MELLO PEDROSA,TIAGO DE ALMEIDA NOEL,TANIA SZTAMFATER CHOCOLAT,CARLOS AUGUSTO LEONE PIANI,JOSE SILVA SOBRAL NETO,BRUNO CAVALCANTI COELHO,KARLA BERTOCCO TRINDADE,LUIS HENRIQUE DE MOURA GONCALVES,MARCOS ANTONIO SOUZA DE ALMEIDA,EDUARDO HAIAMA,AUGUSTO MIRANDA DA PAZ JUNIOR",?,?,?,?,?,?
33611500017780,33.611.500/0177?80,sim,5050,Café,Norte,Jose Alves,A? 20230151,Medio,LINS LIGIA,GERDAU SA,SP,?,?22.91094,?45.35016,PINDAMONHANGABA,RESIDENCIAL COMERCIAL CIDADE VISTA ALEGRE,AVENIDA ENGENHEIRO LUIZ DUMONT VILLARES,12442260,FILIAL,1.001 ? 5.000,?,?,?,EM CRESCIMENTO,ALTA,SOCIEDADE ANONIMA ABERTA,DEMAIS,9,2423702,2010?12?10,+500M,+500M,?,cpg?dteicms@gerdau.com.br,?,?,?,?,?,?,?,(11) 30946600,,,?,GUSTAVO WERNECK DA CUNHA,PRESIDENTE,FERNANDO PESSANHA SANTOS,DIRETOR,GUILHERME CHAGAS GERDAU JOHANNPETER,CONSELHEIRO DE ADMINISTRACAO,"MARCOS EDUARDO FARACO WAHRHAFTIG,WENDEL GOMES DA SILVA,RUBENS FERNANDES PEREIRA,HERMENIO PINTO GONCALVES,RAFAEL DORNELES JAPUR,FABIO EDUARDO DE PIERI SPINA,CLAUDIA SENDER RAMIREZ,CESAR OBINO DA ROSA PERES,ANDRE BIER GERDAU JOHANNPETER,CLAUDIO JOHANNPETER,AUGUSTO BRAUNA PINHEIRO,FLADIMIR BATISTA LOPES GAUTO,ALBERTO FERNANDES,MAURO DE PAULA",?,?,?,?,?,?
03378521000175,03.378.521/0001?75,não,5051,Leite,Sul,Taila Querido,A? 20230152,Nulo,DIEGO KILIAN,LIGHT SA,RJ,?,?22.90349,?43.18899,RIO DE JANEIRO,CENTRO,AVENIDA MARECHAL FLORIANO,20080002,MATRIZ,4 ?15,?,?,?,EM DECLINIO,ALTA,SOCIEDADE ANONIMA ABERTA,DEMAIS,0,6462000,1999?08?30,+500M,+500M,?,?,?,?,?,?,?,?,?,(21) 22112617,(21) 22112600,,?,ALESSANDRA GENU DUTRA AMARAL,DIRETOR,CARLOS VINICIUS DE SA RORIZ,DIRETOR,EDUARDO GUARDIANO LEME GOTILLA,DIRETOR,"THIAGO FREIRE GUTH,OCTAVIO CORTES PEREIRA LOPES,DEBORAH MEIRELLES ROSA BRASIL",?,6462?0/00,?,?,?,?
00001180000207,00.001.180/0002?07,sim,5052,Pão,Leste,Diogo Coelho,A? 20230153,sem informação,ARTHUR PINHEIRO,CENTRAIS ELETRICAS BRASILEIRAS SA ELETROBRAS,RJ,ELETROBRAS ESTABELECIMENTOS UNIFICADOS,?22.90218,?43.17763,RIO DE JANEIRO,CENTRO,RUA DA QUITANDA,20091005,FILIAL,501 ? 1.000,11498,?,?,EM DECLINIO,ALTA,SOCIEDADE ANONIMA ABERTA,DEMAIS,7,6462000,1994?11?11,+500M,+500M,?,dfct@eletrobras.com,?,?,?,?,?,?,?,(21) 25145887,,,?,LUIZ AUGUSTO PEREIRA DE ANDRADE FIGUEIRA,DIRETOR,WILSON PINTO FERREIRA JUNIOR,PRESIDENTE,MARCIO SZECHTMAN,DIRETOR,"PEDRO LUIZ DE OLIVEIRA JATOBA,ELVIRA BARACUHY CAVALCANTI PRESTA,CAMILA GUALDA SAMPAIO ARAUJO,RODRIGO LIMP NASCIMENTO",jaugustosilva@eletrobras.gov.br,?,?,?,?,?
00864214000106,00.864.214/0001?06,não,5053,Milho,Oeste,Lucas Soares,A? 20230154,Sem contato,WILLIAM SILVA,ENERGISA SA,MG,?,?21.38901,?42.69404,CATAGUASES,CENTRO,PRACA RUI BARBOSA,36770901,MATRIZ,501 ? 1.000,7969,?,100,EM CRESCIMENTO,ALTA,SOCIEDADE ANONIMA ABERTA,DEMAIS,13,6462000,1995?08?29,+500M,+500M,energisa.com.br,ismar@energisa.com.br,34034296000,?,?,?,?,?,?,(34) 34296460,(32) 34296460,(34) 34296000,(32) 34296000,MAURICIO PEREZ BOTELHO,DIRETOR,RICARDO PEREZ BOTELHO,PRESIDENTE,FERNANDO CEZAR MAIA,DIRETOR,"DANIELE ARAUJO SALOMAO CASTELO,JOSE MARCOS CHAVES DE MELO",?,6462?0/00,ATIVIDADES DE INTERMEDIACAO E AGENCIAMENTO DE SERVICOS E NEGOCIOS EM GERAL EXCETO IMOBILIARIOS,SUPORTE TECNICO MANUTENCAO E OUTROS SERVICOS EM TECNOLOGIA DA INFORMACAO,CONSULTORIA EM TECNOLOGIA DA INFORMACAO,?
18715615000160,18.715.615/0001?60,sim,5054,Ervilha,Norte,Arthur Parahyba,A? 20230155,Alto,MIRELA SOUZA DE ANDRADE,ESTADO DE MINAS GERAIS,MG,GABINETE DO SECRETARIO MG,?19.796481,?43.9495589,BELO HORIZONTE,SERRA VERDE,RODOVIA JOAO PAULO II,31630901,MATRIZ,?,?,?,?,?,ALTA,ESTADO OU DISTRITO FEDERAL,DEMAIS,26,8411600,1974?12?31,?,+500M,?,?,?,?,?,?,?,?,?,(31) 39156102,,,?,?,?,?,?,?,?,?,?,8411?6/00,?,?,?,?
01961898000127,01.961.898/0001?27,não,5055,Lactobacilos vivos,Sul,Jose Alves,A? 20230156,Baixo,PAULO OLIVEIRA,CARGILL ALIMENTOS LTDA,SP,?,?22.3905963,?46.7464826,ITAPIRA,BARAO ATALIBA NOGUEIRA,RUA ROUPEN TILKIAN,13986000,MATRIZ,201 ? 500,166,?,94,EM CRESCIMENTO,ALTA,SOCIEDADE EMPRESARIA LIMITADA,DEMAIS,11,1066000,1997?07?10,+500M,+500M,nutron.com.br,nfenutron@cargill.com,?,http://www.linkedin.com/company/120416,?,?,?,?,?,(19) 38139000,(19) 38139000,,?,ANDREA WANDERLEY DOS ANJOS ROSATI,ADMINISTRADOR,CELSO DO AMARAL MELLO JUNIOR,ADMINISTRADOR,RAPHAEL NEVES DIAS,ADMINISTRADOR,"PAULO HUMBERTO ALVES DE SOUSA,CARGILL INTERNATIONAL LUXEMBOURG 9 SARL,PROVIMI BV",?,1066?0/00,ALUGUEL DE IMOVEIS PROPRIOS,MANUTENCAO E REPARACAO DE MAQUINAS E EQUIPAMENTOS PARA USO GERAL NAO ESPECIFICADOS ANTERIORMENTE,COMERCIO ATACADISTA DE MERCADORIAS EM GERAL COM PREDOMINANCIA DE INSUMOS AGROPECUARIOS,"COMERCIO ATACADISTA DE OLEOS E GORDURAS,SERVICOS DE AGRONOMIA E DE CONSULTORIA AS ATIVIDADES AGRICOLAS E PECUARIAS,COMERCIO ATACADISTA DE MEDICAMENTOS E DROGAS DE USO VETERINARIO,OUTRAS SOCIEDADES DE PARTICIPACAO EXCETO HOLDINGS,COMERCIO ATACADISTA DE ALIMENTOS PARA ANIMAIS,COMERCIO VAREJISTA DE ANIMAIS VIVOS E DE ARTIGOS E ALIMENTOS PARA ANIMAIS DE ESTIMACAO,COMERCIO ATACADISTA ESPECIALIZADO EM O"
01917705000130,01.917.705/0001?30,sim,5056,Arroz,Leste,Taila Querido,A? 20230157,Medio,FLAVIO RICCI,AES ELPA SA,SP,?,?23.6002641,?46.6947028,SAO PAULO,BROOKLIN PAULISTA,AVENIDA DAS NACOES UNIDAS,4578000,MATRIZ,?,?,?,4,ESTAVEL,ALTA,SOCIEDADE ANONIMA ABERTA,DEMAIS,0,6462000,1997?06?23,R$5M ? R$20M,+500M,aeselpa.com.br,tributario?csc@aes.com,?,https://www.linkedin.com/company/aes?brasil,https://www.instagram.com/aesbrasilenergia,https://www.facebook.com/aaesbrasil,https://www.twitter.com/theaescorp,?,?,(14) 31033400,,,?,CARLOS RENATO XAVIER POMPERMAIER,DIRETOR,CLARISSA DELLA NINA SADOCK ACCORSI,DIRETOR,,,?,?,6462?0/00,?,?,?,?
83489963000128,83.489.963/0001?28,não,5057,Feijão,Oeste,Diogo Coelho,A? 20230158,Nulo,CRISTHOFER DAWDSON,WPA PARTICIPACOES E SERVICOS SA,SC,?,?26.47822,?49.04986,JARAGUA DO SUL,?,AVENIDA PREFEITO WALDEMAR GRUBBA,89256900,MATRIZ,16 ?30,?,?,?,ESTAVEL,ALTA,SOCIEDADE ANONIMA FECHADA,DEMAIS,0,6462000,1977?12?13,+500M,+500M,?,?,?,?,?,?,?,?,?,(47) 32764720,,,?,EDWARD HENRIQUE DE SA,DIRETOR,DIMAS TARCISIO VANIN,DIRETOR,,,?,?,6462?0/00,OUTRAS SOCIEDADES DE PARTICIPACAO EXCETO HOLDINGS,,,?
92690783000281,92.690.783/0002?81,sim,5058,Café,Norte,Lucas Soares,A? 20230159,sem informação,TANIA SOUZA,METALURGICA GERDAU SOCIEDADE ANONIMA,RS,?,?29.81854,?51.17493,SAPUCAIA DO SUL,?,RUA HUGO GERDAU,93212260,FILIAL,?,?,?,?,EM DECLINIO,ALTA,SOCIEDADE ANONIMA ABERTA,DEMAIS,4,2592601,1969?08?24,+500M,+500M,?,?,?,?,?,?,?,?,?,?,?,?,?,AOD CUNHA DE MORAES JUNIOR,CONSELHEIRO DE ADMINISTRACAO,CESAR OBINO DA ROSA PERES,DIRETOR,ANDRE BIER GERDAU JOHANNPETER,CONSELHEIRO DE ADMINISTRACAO,"FLADIMIR BATISTA LOPES GAUTO,HERMENIO PINTO GONCALVES,FERNANDO PESSANHA SANTOS,GUILHERME CHAGAS GERDAU JOHANNPETER,ALBERTO FERNANDES,CARLOS JOSE DA COSTA ANDRE,CLAUDIO JOHANNPETER,MARCOS EDUARDO FARACO WAHRHAFTIG,FABIO EDUARDO DE PIERI SPINA,GUSTAVO WERNECK DA CUNHA,RAFAEL DORNELES JAPUR,RUBENS FERNANDES PEREIRA,WENDEL GOMES DA SILVA,MAURO DE PAULA",?,?,?,?,?,?
00001180000126,00.001.180/0001?26,não,5059,Leite,Sul,Arthur Parahyba,A? 20230160,Sem contato,MERIELIN CRISTINA VIEIRA DA SILVA,CENTRAIS ELETRICAS BRASILEIRAS SA ELETROBRAS,RJ,ELETROBRAS,?15.8165853,?47.8933258,RIO DE JANEIRO,CENTRO,RUA DA QUITANDA,20091005,MATRIZ,16 ?30,11498,75,16,EM DECLINIO,ALTA,SOCIEDADE ANONIMA ABERTA,DEMAIS,7,6462000,1966?08?19,+500M,+500M,eletrobras.com,dfct@eletrobras.com,?,https://www.linkedin.com/company/74109/,https://www.instagram.com/eletronuclear,https://www.facebook.com/eletrobraseletronuclear,?,?,?,(21) 992179554,,,?,CAMILA GUALDA SAMPAIO ARAUJO,DIRETOR,LUIZ AUGUSTO PEREIRA DE ANDRADE FIGUEIRA,DIRETOR,WILSON PINTO FERREIRA JUNIOR,PRESIDENTE,"RODRIGO LIMP NASCIMENTO,ELVIRA BARACUHY CAVALCANTI PRESTA,PEDRO LUIZ DE OLIVEIRA JATOBA,MARCIO SZECHTMAN",ricamar@eletrobras.com,6462?0/00,?,?,?,?
06981180000116,06.981.180/0001?16,sim,5060,Pão,Leste,Jose Alves,A? 20230161,Alto,RAYLLA ASSIS,CEMIG DISTRIBUICAO SA,MG,CEMIG D,?19.92098,?43.95494,BELO HORIZONTE,SANTO AGOSTINHO,AVENIDA BARBACENA,30190924,MATRIZ,1.001 ? 5.000,?,?,54,EM CRESCIMENTO,ALTA,SOCIEDADE ANONIMA ABERTA,DEMAIS,1,3514000,2004?09?15,+500M,+500M,cemigsoma.com.br,ediramos@cemig.com.br,?,?,?,?,?,?,?,(31) 35067500,,,?,MARCO DA CAMINO ANCONA LOPEZ SOLIGO,DIRETOR,DIMAS COSTA,DIRETOR,HENRIQUE MOTTA PINTO,DIRETOR,"THADEU CARNEIRO DA SILVA,LEONARDO GEORGE DE MAGALHAES,MARNEY TADEU ANTUNES,REYNALDO PASSANEZI FILHO",?,3514?0/00,CONSTRUCAO DE ESTACOES E REDES DE DISTRIBUICAO DE ENERGIA ELETRICA,COMERCIO ATACADISTA DE ENERGIA ELETRICA,,?
02974336000342,02.974.336/0003?42,não,5061,Milho,Oeste,Taila Querido,A? 20230162,Baixo,RODRIGO RIBEIRO FERREIRA,MALIBRU AGRO INDUSTRIA DISTRIBUICAO IMPORTACAO E EXPORTACAO SA,CE,FILIAL 01,?3.7354,?38.65785,CAUCAIA,CAMPO GRANDE,RODOVIA BR 020,61600004,FILIAL,16 ?30,?,?,?,EM CRESCIMENTO,ALTA,SOCIEDADE ANONIMA FECHADA,DEMAIS,3,4639702,2010?03?15,R$100k ? R$1M,+500M,?,?,?,?,?,?,?,?,?,(85) 32643771,,,?,IMACULADA MARIA FERREIRA BEZERRA,DIRETOR,JOSE BRUNO BARBOSA DE ALMEIDA,DIRETOR,RAIMUNDO DIAS DE ALMEIDA,PRESIDENTE,?,?,?,?,?,?,?
03220438000173,03.220.438/0001?73,sim,5062,Ervilha,Norte,Diogo Coelho,A? 20230163,Medio,RODRIGO RIBEIRO FERREIRA,EQUATORIAL ENERGIA SA,MA,?,?,?,SAO LUIS,CALHAU,RUA ALTO CALHAU,65071680,MATRIZ,?,4360,?,80,EM DECLINIO,ALTA,SOCIEDADE ANONIMA ABERTA,DEMAIS,2,6462000,1999?06?16,+500M,+500M,equatorialenergia.com.br,ld.cartao.cnpj@equatorialenergia.com.br,98032172149,?,?,?,?,?,?,(98) 32172220,(98) 32172149,,?,GUILHERME MEXIAS ACHE,CONSELHEIRO DE ADMINISTRACAO,HUMBERTO LUIS QUEIROZ NOGUEIRA,DIRETOR,LEONARDO DA SILVA LUCAS TAVARES DE LIMA,DIRETOR,"TANIA SZTAMFATER CHOCOLAT,PAULO JERONIMO BANDEIRA DE MELLO PEDROSA,ANDRE LUIZ BARATA PESSOA,AUGUSTO MIRANDA DA PAZ JUNIOR,MARCOS ANTONIO SOUZA DE ALMEIDA,EDUARDO HAIAMA,TIAGO DE ALMEIDA NOEL,BRUNO CAVALCANTI COELHO,LUIS HENRIQUE DE MOURA GONCALVES,CRISTIANO DE LIMA LOGRADO,MAURICIO ALVARES DA SILVA VELLOSO FERREIRA,KARLA BERTOCCO TRINDADE,CARLOS AUGUSTO LEONE PIANI,JOSE SILVA SOBRAL NETO",?,6462?0/00,?,?,?,?
33937681000178,33.937.681/0001?78,não,5063,Lactobacilos vivos,Sul,Lucas Soares,A? 20230164,Nulo,AYSLAN ANHOLON,LATAM AIRLINES GROUP SA,SP,LATAM AIRLINES,?23.637676,?46.66652,SAO PAULO,JARDIM BRASIL,RUA ATICA,4634042,MATRIZ,?,?,?,12,?,ALTA,"ESTABELECIMENTO, NO BRASIL, DE SOCIEDADE ESTRANGEIRA",DEMAIS,6,5111100,1973?08?28,?,+500M,lancargo.com.br,fiscal@tam.com.br,11055827364,?,?,?,?,?,?,(11) 955827222,(11) 955827364,,?,?,?,?,?,?,?,?,fiscal@tam.com.br,5111?1/00,TRANSPORTE AEREO DE CARGA,,,?
19853511000184,19.853.511/0001?84,sim,5064,Arroz,Leste,Arthur Parahyba,A? 20230165,sem informação,ALEXANDRE MENDES DOS SANTOS,NOTRE DAME INTERMEDICA PARTICIPACOES SA,SP,?,?23.56317,?46.65433,SAO PAULO,BELA VISTA,AVENIDA PAULISTA,1311100,MATRIZ,?,?,?,?,ESTAVEL,ALTA,SOCIEDADE ANONIMA FECHADA,DEMAIS,0,6462000,2014?03?11,+500M,+500M,?,?,?,?,?,?,?,?,?,(11) 31552000,,,?,IRLAU MACHADO FILHO,PRESIDENTE,LINO JOSE RODRIGUES ALVES,DIRETOR,NILO SERGIO SILVEIRA CARVALHO,DIRETOR,MARCELO MARQUES MOREIRA FILHO,?,6462?0/00,?,?,?,?
03853896000140,03.853.896/0001?40,não,5065,Feijão,Oeste,Jose Alves,A? 20230166,Sem contato,EDUARDO VIEIRA,MARFRIG GLOBAL FOODS SA,SP,MARFRIG,?23.53918,?46.72757,SAO PAULO,VILA HAMBURGUESA,AVENIDA QUEIROZ FILHO,5319000,MATRIZ,31 ?50,9050,100,100,EM CRESCIMENTO,ALTA,SOCIEDADE ANONIMA ABERTA,DEMAIS,37,1011201,2000?06?06,+500M,+500M,marfrig.com.br,paralegal.corporativo@marfrig.com.br,?,?,?,?,?,?,?,(11) 45937403,,,?,RODRIGO MARCAL FILHO,DIRETOR,RUI MENDONCA JUNIOR,PRESIDENTE,HERALDO GERES,DIRETOR,TANG DAVID,paralegal.corporativo@marfrig.com.br,1011?2/01,REPRESENTANTES COMERCIAIS E AGENTES DO COMERCIO DE PRODUTOS ALIMENTICIOS BEBIDAS E FUMO,COMERCIO VAREJISTA DE MERCADORIAS EM GERAL COM PREDOMINANCIA DE PRODUTOS ALIMENTICIOS  MINIMERCADOS MERCEARIAS E ARMAZENS,COMERCIO ATACADISTA DE PRODUTOS ALIMENTICIOS EM GERAL,"ATIVIDADES DE CONSULTORIA EM GESTAO EMPRESARIAL EXCETO CONSULTORIA TECNICA ESPECIFICA,FRIGORIFICO  ABATE DE OVINOS E CAPRINOS,HOLDINGS DE INSTITUICOES NAOFINANCEIRAS,COMERCIO ATACADISTA DE BEBIDAS NAO ESPECIFICADAS ANTERIORMENTE,FABRICACAO DE PRODUTOS DE CARNE,TRANSPORTE RODOVIARIO DE CARGA EXCETO PRODUTOS PERIGOSOS E MUDANCAS INTERMUNICIPAL INTERESTADUAL E INTERNACIONAL,COMERCIO ATACADISTA DE CAR"
02916265000160,02.916.265/0001?60,sim,5066,Café,Norte,Taila Querido,A? 20230167,Alto,DEIVI QUEIROZ,JBS SA,SP,?,?23.51693,?46.73675,SAO PAULO,VILA JAGUARA,AVENIDA MARGINAL DIREITA DO TIETE,5118100,MATRIZ,?,133790,?,?,EM CRESCIMENTO,ALTA,SOCIEDADE ANONIMA ABERTA,DEMAIS,137,1011201,1998?12?16,+500M,+500M,jbs.com.br,boni@jbs.com.br,?,?,?,?,?,?,(11) 36872629,(11) 31444000,,,?,WESLEY MENDONCA BATISTA FILHO,DIRETOR,JEREMIAH ALPHONSUS O CALLAGHAN,DIRETOR,ELISEO SANTIAGO PEREZ FERNANDEZ,DIRETOR,"GILBERTO TOMAZONI,GUILHERME PERBOYRE CAVALCANTI",?,1011?2/01,COMERCIO ATACADISTA DE COSMETICOS E PRODUTOS DE PERFUMARIA,FABRICACAO DE COSMETICOS PRODUTOS DE PERFUMARIA E DE HIGIENE PESSOAL,FABRICACAO DE OUTROS PRODUTOS QUIMICOS NAO ESPECIFICADOS ANTERIORMENTE,"FABRICACAO DE PRODUTOS DE LIMPEZA E POLIMENTO,FABRICACAO DE BIOCOMBUSTIVEIS EXCETO ALCOOL,TRANSPORTE RODOVIARIO DE CARGA EXCETO PRODUTOS PERIGOSOS E MUDANCAS MUNICIPAL,PREPARACAO DE SUBPRODUTOS DO ABATE,CURTIMENTO E OUTRAS PREPARACOES DE COURO,COMERCIO VAREJISTA DE COSMETICOS PRODUTOS DE PERFUMARIA E DE HIGIENE PESSOAL,COMERCIO ATACADISTA DE COUROS LAS PELES E OUTROS SUBPRODUTOS NAOCOMESTIVEIS DE "
18685111000144,18.685.111/0001?44,não,5067,Leite,Sul,Diogo Coelho,A? 20230168,Baixo,LEON SILVA,INDRA SISTEMAS SA,SP,?,?23.65748,?46.72466,SAO PAULO,JARDIM SAO LUIS,AVENIDA GUIDO CALOI,5802140,MATRIZ,?,?,?,?,?,MEDIA,"ESTABELECIMENTO, NO BRASIL, DE SOCIEDADE ESTRANGEIRA",DEMAIS,0,6209100,2013?07?03,R$1M ? R$5M,+500M,?,?,?,?,?,?,?,?,?,(11) 951863097,,,?,?,?,?,?,?,?,?,?,6209?1/00,OUTRAS OBRAS DE INSTALACOES EM CONSTRUCOES NAO ESPECIFICADAS ANTERIORMENTE,REPARACAO E MANUTENCAO DE EQUIPAMENTOS DE COMUNICACAO,DESENVOLVIMENTO E LICENCIAMENTO DE PROGRAMAS DE COMPUTADOR NAOCUSTOMIZAVEIS,"INSTALACAO DE EQUIPAMENTOS PARA ORIENTACAO A NAVEGACAO MARITIMA FLUVIAL E LACUSTRE,DESENVOLVIMENTO DE PROGRAMAS DE COMPUTADOR SOB ENCOMENDA,COMERCIO VAREJISTA ESPECIALIZADO DE EQUIPAMENTOS E SUPRIMENTOS DE INFORMATICA,MANUTENCAO E REPARACAO DE EQUIPAMENTOS E INSTRUMENTOS OPTICOS,SERVICOS DE ENGENHARIA,COMERCIO ATACADISTA DE EQUIPAMENTOS DE INFORMATICA,DESENVOLVIMENTO E LICENCIAMENTO DE PROGRAMAS D"
00280273000137,00.280.273/0001?37,sim,5068,Pão,Leste,Lucas Soares,A? 20230169,Medio,DANILO UNDEFINED,SAMSUNG ELETRONICA DA AMAZONIA LTDA,AM,SAMSUNG DA AMAZONIA,?3.0987503,?59.9423774,MANAUS,DISTRITO INDUSTRIAL II,AVENIDA DOS OITIS,69007002,MATRIZ,1.001 ? 5.000,161,?,?,EM DECLINIO,ALTA,SOCIEDADE EMPRESARIA LIMITADA,DEMAIS,10,2640000,1994?10?31,+500M,+500M,samsung.com,nfservico@samsung.com,92040091015,?,?,?,?,?,?,(92) 40091015,(92) 40091014,,?,WONKYU LEE,ADMINISTRADOR,WOONG JAE JUNG,ADMINISTRADOR,DONG YEOL KIM,ADMINISTRADOR,"DAL YOUK,MINHYUK HWANG,YONGHEE CHUNG,IL SUK LEE,JONG SUK HA,JONGHYUK BANG,SEONG JUN PARK,JUNG SU KIM,YONGJUNG JEONG,JONG WON JEONG,WON SAM JIN,SUNGHYUN BAEK,SANG HOON LEE,MUN KYU KIM,HAN SUK SEO,IL HYUN KIM,CHANG WAN SOHN,KYUNG CHUN MOON,DAEJIN KIM,JI HOON YANG,SANG KEUN YOON,TAEWON KWON,WON WOO KIM,JUNG YONG YOON,JABEOM JUNG,HYEONSEUNG SHIN,JIN HO KIM,YOUNG ROK CHOI,YONGWOO SOHN,JAEGYEONG LEE,YON","cleide.neri@samsung.com,alysson.b@samsung.com",2640?0/00,FABRICACAO DE APARELHOS E EQUIPAMENTOS DE AR CONDICIONADO PARA USO NAOINDUSTRIAL,COMERCIO ATACADISTA DE APARELHOS ELETRONICOS DE USO PESSOAL E DOMESTICO,REPARACAO E MANUTENCAO DE EQUIPAMENTOS ELETROELETRONICOS DE USO PESSOAL E DOMESTICO,"OUTRAS ATIVIDADES DE SERVICOS PRESTADOS PRINCIPALMENTE AS EMPRESAS NAO ESPECIFICADAS ANTERIORMENTE,AGENCIAMENTO DE ESPACOS PARA PUBLICIDADE EXCETO EM VEICULOS DE COMUNICACAO,COMERCIO ATACADISTA DE INSTRUMENTOS E MATERIAIS PARA USO MEDICO CIRURGICO HOSPITALAR E DE LABORATORIOS,FABRICACAO DE PERIFERICOS PARA EQUIPAMENTOS DE INFORMATICA,TRATAMENTO DE DADOS PROVEDORES DE SERVICOS DE APLICACAO E SERVIC"
21240146000184,21.240.146/0001?84,não,5069,Milho,Oeste,Arthur Parahyba,A? 20230170,Nulo,CAROLINE UTIYAMA,AGROGALAXY PARTICIPACOES SA,SP,?,?23.58361,?46.68669,SAO PAULO,ITAIM BIBI,RUA IGUATEMI,1451010,MATRIZ,?,?,?,?,ESTAVEL,ALTA,SOCIEDADE ANONIMA FECHADA,DEMAIS,0,6462000,2014?10?15,+500M,+500M,agrogalaxy.com.br,mauricio.puliti@agrogalaxy.com.br,?,?,?,?,?,?,?,(11) 20391600,,,?,ANDRE CORDEIRO CABRAL,DIRETOR,HAROLDO KAZUKI YAMANAKA,CONSELHEIRO DE ADMINISTRACAO,WELLES CLOVIS PASCOAL,DIRETOR,"FERNANDO HENRIQUE BORDONI MANZEPPI,CLAUDIO AUGUSTO DINIZ,ANTONIO LUIZ GIULIANGELI,SHEILLA MARIA PEREIRA ALBUQUERQUE,BENILDO CARVALHO TELES,JOSE MAURICIO MORA PULITI,JOSE SAULO GONCALVES,JOAO FERNANDO GARCIA,AGUSTIN HORACIO BLANCO ZIEGLER",?,6462?0/00,?,?,?,?
10314689000263,10.314.689/0002?63,sim,5070,Ervilha,Norte,Jose Alves,A? 20230171,sem informação,THIAGO CARLINI MONTEIRO,ESAPIENS TECNOLOGIA SA,SP,?,?22.33021,?49.05416,BAURU,JARDIM CONTORNO,RUA JOAQUIM ANACLETO BUENO,17047281,FILIAL,51 ? 200,240,?,?,EM CRESCIMENTO,ALTA,SOCIEDADE ANONIMA FECHADA,DEMAIS,1,6202300,2014?03?10,R$0 ? R$100k,+500M,surubao.com.br,financeiro@esapiens.com.br,?,?,?,?,?,?,?,(48) 40422420,,,?,RAPHAEL VINICIUS SILVEIRA MARTIGNONI,DIRETOR,CARINA JESINSKI DE ANDRADE,DIRETOR,JOSE LEANDRO GOMES,DIRETOR,"MAYUMI DE ANDRADE E SILVA SATO,LEANDRO AUGUSTO KITAMURA",?,?,?,?,?,?
33611500000895,33.611.500/0008?95,não,5071,Lactobacilos vivos,Sul,Taila Querido,A? 20230172,Sem contato,HERBERT VITORIANO,GERDAU SA,RS,?,?30.02389,?51.21383,PORTO ALEGRE,FLORESTA,AVENIDA FARRAPOS,90220005,FILIAL,1 ? 3,?,?,?,EM CRESCIMENTO,ALTA,SOCIEDADE ANONIMA ABERTA,DEMAIS,9,6462000,1982?07?08,+500M,+500M,,,,,,,,?,?,?,?,?,?,HERMENIO PINTO GONCALVES,DIRETOR,GUSTAVO WERNECK DA CUNHA,PRESIDENTE,GUILHERME CHAGAS GERDAU JOHANNPETER,CONSELHEIRO DE ADMINISTRACAO,"RUBENS FERNANDES PEREIRA,CLAUDIA SENDER RAMIREZ,AUGUSTO BRAUNA PINHEIRO,CESAR OBINO DA ROSA PERES,MARCOS EDUARDO FARACO WAHRHAFTIG,MAURO DE PAULA,ANDRE BIER GERDAU JOHANNPETER,FERNANDO PESSANHA SANTOS,WENDEL GOMES DA SILVA,RAFAEL DORNELES JAPUR,FLADIMIR BATISTA LOPES GAUTO,ALBERTO FERNANDES,FABIO EDUARDO DE PIERI SPINA,CLAUDIO JOHANNPETER",?,?,?,?,?,?
61156113000175,61.156.113/0001?75,sim,5072,Arroz,Leste,Diogo Coelho,A? 20230173,Alto,EDUARDO MOTA,IOCHPEMAXION SA,SP,?,?22.58293,?44.96091,CRUZEIRO,ITAGACABA,RUA DR OTHON BARCELLOS,12730900,MATRIZ,1.001 ? 5.000,3782,?,92,EM CRESCIMENTO,ALTA,SOCIEDADE ANONIMA ABERTA,DEMAIS,5,2949299,1969?10?06,+500M,+500M,iochpe.com.br,enderecoeletronico@iochpe.com.br,?,http://www.linkedin.com/company/636697,?,?,?,?,?,(11) 21221014,,,?,MARCOS SERGIO DE OLIVEIRA,PRESIDENTE,PAULO MARCIO ALMADA DOS SANTOS,DIRETOR,ELCIO MITSUHIRO ITO,DIRETOR,?,nilosiqueira@maxionsc.com,2949?2/99,SERVICOS DE USINAGEM TORNEARIA E SOLDA,SERVICOS DE ENGENHARIA,OUTRAS ATIVIDADES PROFISSIONAIS CIENTIFICAS E TECNICAS NAO ESPECIFICADAS ANTERIORMENTE,?
02502234000162,02.502.234/0001?62,não,5073,Feijão,Oeste,Lucas Soares,A? 20230174,Baixo,MARCOS VEFAGO,COSCO SHIPPING LINES  BRASIL SA,SP,?,?23.563105,?46.65438,SAO PAULO,CERQUEIRA CESAR,AVENIDA PAULISTA,1311200,MATRIZ,16 ?30,79,?,48,ESTAVEL,ALTA,SOCIEDADE ANONIMA FECHADA,DEMAIS,1,5232000,1998?04?20,?,+500M,cosco.com.br,?,?,http://www.linkedin.com/company/1756157,?,?,?,6,?,(11) 31772888,,,?,QINFENG HE,DIRETOR,ZHENG LI,PRESIDENTE,,,?,?,5232?0/00,ATIVIDADES DE DESPACHANTES ADUANEIROS,OPERADOR DE TRANSPORTE MULTIMODAL  OTM,REPRESENTANTES COMERCIAIS E AGENTES DO COMERCIO DE MERCADORIAS EM GERAL NAO ESPECIALIZADO,COMISSARIA DE DESPACHOS
04368898000106,04.368.898/0001?06,sim,5074,Café,Norte,Arthur Parahyba,A? 20230175,Medio,MYRIAN KEYTH RODRIGUES,COPEL DISTRIBUICAO SA,PR,COPELDIS,?25.43548,?49.34012,CURITIBA,MOSSUNGUE,? JOSE IZIDORO BIAZETTO,81200240,MATRIZ,1.001 ? 5.000,?,?,?,EM DECLINIO,ALTA,SOCIEDADE ANONIMA FECHADA,DEMAIS,0,3514000,2001?04?04,+500M,+500M,?,?,?,?,?,?,?,0,?,(41) 33223535,(41) 33314141,,?,MAXIMILIANO ANDRES ORFALI,PRESIDENTE,ADRIANO RUDEK DE MOURA,DIRETOR,ANA LETICIA FELLER,CONSELHEIRO DE ADMINISTRACAO,"HEMERSON LUIZ BARBOSA PEDROSO,DANIEL PIMENTEL SLAVIERO,EDUARDO VIEIRA DE SOUZA BARBOSA,MARCO ANTONIO BARBOSA CANDIDO",?,3514?0/00,SERVICOS COMBINADOS DE ESCRITORIO E APOIO ADMINISTRATIVO,,,?
83878892000155,83.878.892/0001?55,não,5075,Leite,Sul,Jose Alves,A? 20230176,Nulo,CARLOS ADRIANO,CENTRAIS ELETRICAS DE SANTA CATARINA SA,SC,CELESC,?27.5898,?48.49791,FLORIANOPOLIS,ITACORUBI,AVENIDA ITAMARATI,88034900,MATRIZ,4 ?15,2713,75,100,EM DECLINIO,ALTA,SOCIEDADE DE ECONOMIA MISTA,DEMAIS,0,6462000,1970?10?26,+500M,+500M,celesc.com.br,celesc@celesc.com.br,?,?,https://www.instagram.com/celescoficial,https://www.facebook.com/celescoficial,https://twitter.com/celescoficial,?,?,(48) 32315000,,,?,VITOR LOPES GUIMARAES,DIRETOR,JOSE CARLOS FERREIRA JUNIOR,DIRETOR,MARCO AURELIO GIANESINI,DIRETOR,"MARCOS PENNA,MARCOS ANTONIO PACHECO,FABIO VALENTIM DA SILVA,PILAR SABINO DA SILVA,CLEICIO POLETO MARTINS",?,6462?0/00,?,?,?,?
11566501000156,11.566.501/0001?56,sim,5076,Pão,Leste,Taila Querido,A? 20230177,sem informação,LUCAS AUGUSTO SGANDERLA ZARDO,TEREOS INTERNACIONAL SA,SP,?,?23.57304,?46.68957,SAO PAULO,JARDIM PAULISTANO,AVENIDA BRIG FARIA LIMA,1452001,MATRIZ,4 ?15,?,?,?,ESTAVEL,ALTA,SOCIEDADE ANONIMA ABERTA,DEMAIS,0,6463800,2010?02?08,+500M,+500M,?,?,?,?,?,?,?,18,?,(11) 35444900,,,?,REYNALDO FERREIRA BENITEZ,DIRETOR,THIAGO GASPAROTTO,DIRETOR,MARCUS ERICH THIEME,DIRETOR,PIERRE LOUIS JOSEPH SANTOUL,?,6463?8/00,?,?,?,?
00376056000145,00.376.056/0001?45,não,5077,Milho,Oeste,Diogo Coelho,A? 20230178,Sem contato,VICENTE SILVA,INSTITUTO DE DESENVOLVIMENTO ESTRATEGICO E ASSISTENCIA INTEGRAL A SAUDE,SP,INSTITUTO IDEAIS,?23.49713,?46.85041,BARUERI,CONDOMINIO CENTRO COMERCIAL ALPHAVILLE,CALCADA DAS MARGARIDAS,6453038,MATRIZ,?,?,?,?,EM DECLINIO,ALTA,ASSOCIACAO PRIVADA,DEMAIS,0,8660700,1994?10?24,?,+500M,?,?,?,?,?,?,?,?,?,(17) 33059030,,,?,OSVALDO PEREZI NETO,PRESIDENTE,,,,,?,lazara@institutoideais.org.br,8660?7/00,ATIVIDADES DE ATENCAO AMBULATORIAL NAO ESPECIFICADAS ANTERIORMENTE,ATIVIDADES DE ATENDIMENTO EM PRONTOSOCORRO E UNIDADES HOSPITALARES PARA ATENDIMENTO A URGENCIAS,SERVICOS DE ASSISTENCIA SOCIAL SEM ALOJAMENTO,"OUTRAS ATIVIDADES DE ATENCAO A SAUDE HUMANA NAO ESPECIFICADAS ANTERIORMENTE,ATIVIDADES ASSOCIATIVAS NAO ESPECIFICADAS ANTERIORMENTE"
20679515000177,20.679.515/0001?77,sim,5078,Ervilha,Norte,Lucas Soares,A? 20230179,Alto,ELOISA DE PAULA,NEXA RESOURCES SA,EX,VM HOLDING,?,?,?,GRAND DUCHY DE LUXEMBURGO,? 2628 RUE EDWARD STEICHEN,?,MATRIZ,?,1285,?,?,?,BAIXA,EMPRESA DOMICILIADA NO EXTERIOR,?,0,6462000,2014?07?21,?,+500M,nexaresources.com,?,?,?,?,?,?,?,?,?,?,?,?,?,?,?,?,?,?,?,?,6462?0/00,?,?,?,?
33657248000189,33.657.248/0001?89,não,5079,Lactobacilos vivos,Sul,Arthur Parahyba,A? 20230180,Baixo,JUAN DANIEL DELLA ROVERE DIAZ,BANCO NACIONAL DE DESENVOLVIMENTO ECONOMICO E SOCIAL,RJ,BNDES,?22.90892,?43.17987,RIO DE JANEIRO,CENTRO,AVENIDA REPUBLICA DO CHILE,20031917,MATRIZ,1.001 ? 5.000,3756,100,100,EM DECLINIO,ALTA,EMPRESA PUBLICA,DEMAIS,5,6433600,1967?04?06,?,+500M,bndes.gov.br,?,?,https://www.linkedin.com/company/bndes,http://www.instagram.com/bndesgovbr,http://www.facebook.com/bndes.imprensa,http://twitter.com/bndes,?,?,?,?,?,?,GUSTAVO HENRIQUE MOREIRA MONTEZANO,PRESIDENTE,MARCELO SAMPAIO VIANNA RANGEL,DIRETOR,BRUNO LASKOWSKY,DIRETOR,"FABIO ALMEIDA ABRAHAO,RODRIGO DONATO DE AQUINO,CLAUDENIR BRITO PEREIRA,FRANCISCO LOURENCO FAULHABER BASTOS TIGRE,BRUNO CALDAS ARANHA,RICARDO WIERING DE BARROS,SOLANGE PAIVA VIEIRA",?,6433?6/00,?,?,?,?
43807364000190,43.807.364/0001?90,sim,5080,Arroz,Leste,Jose Alves,A? 20230181,Medio,LETICIA POWER ARAUJO DA SILVA,FUNDO DA MARINHA MERCANTE,DF,FUNDO DA MARINHA MERCANTE,?15.7887865,?47.893357,BRASILIA,ZONA CIVICOADMINISTRATIVA,ESPLANADA DOS MINISTERIOS BLOCO,70044902,MATRIZ,?,?,?,?,?,?,FUNDO PUBLICO DA ADMINISTRACAO DIRETA FEDERAL,DEMAIS,0,8411600,1980?08?19,?,+500M,?,?,?,?,?,?,?,?,?,(61) 20297586,,,?,?,?,?,?,?,?,?,?,8411?6/00,?,?,?,?
14553607000103,14.553.607/0001?03,não,5081,Feijão,Oeste,Taila Querido,A? 20230182,Nulo,VALTER OLIVEIRA BL TOYAMA,DROGARIAS DPSP SA,SP,?,?23.5393,?46.73204,SAO PAULO,VILA LEOPOLDINA,AVENIDA MANUEL BANDEIRA,5317020,MATRIZ,?,14076,?,62,ESTAVEL,ALTA,SOCIEDADE ANONIMA FECHADA,DEMAIS,0,6462000,2011?10?10,+500M,+500M,dpsp.com.br,fiscal@dpsp.com.br,11032074313,?,?,?,?,?,?,(11) 32074313,(11) 32747400,,?,CARLA ROSANA SGROTT SAUER,DIRETOR,ANDREA DE LIMA E SYLOS,DIRETOR,CRISTIANO HYPPOLITO,DIRETOR,"JONAS CEZAR LAURINDVICIUS,LUIZ FERNANDO SANTOS CASTRO",fiscal@dpsp.com.br,6462?0/00,?,?,?,?
06043135000110,06.043.135/0001?10,sim,5082,Café,Norte,Diogo Coelho,A? 20230183,sem informação,RUAN VITOR,JVRJ PARTICIPACOES SA,RJ,?,?22.9068,?43.17648,RIO DE JANEIRO,CENTRO,RUA DA AJUDA 35,20040915,MATRIZ,?,?,?,?,ESTAVEL,MEDIA,SOCIEDADE ANONIMA FECHADA,DEMAIS,0,6462000,2003?12?12,R$100M ? R$500M,+500M,?,?,?,?,?,?,?,?,?,(21) 32666667,(21) 32666666,,?,SAMUEL BARATA,PRESIDENTE,,,,,?,?,6462?0/00,?,?,?,?
16668829000105,16.668.829/0001?05,não,5083,Leite,Sul,Lucas Soares,A? 20230184,Sem contato,GILMAR FONSECA,SANTA ADRIA EMPREENDIMENTOS E PARTICIPACOES SA,RJ,?,?22.9068,?43.17648,RIO DE JANEIRO,CENTRO,RUA DA AJUDA 35,20040915,MATRIZ,?,?,?,?,ESTAVEL,ALTA,SOCIEDADE ANONIMA FECHADA,DEMAIS,0,6462000,2012?08?06,R$20M ? R$100M,+500M,?,?,?,?,?,?,?,?,?,(21) 32666666,,,?,BRUNO BARATA ADLER,DIRETOR,MYRIAN HELENA BARATA,DIRETOR,,,?,?,6462?0/00,?,?,?,?
00394460011771,00.394.460/0117?71,sim,5084,Pão,Leste,Arthur Parahyba,A? 20230185,Alto,THAMIRES HELENA POLITANO SERRALHEIRO,MINISTERIO DA FAZENDA,SP,MF SRF 8 RF SUPERINTENDENCIA REG DA RECEITA FEDERAL,?23.547516,?46.63664,SAO PAULO,CENTRO,AVENIDA PRESTES MAIA,1031905,FILIAL,1.001 ? 5.000,2861,?,?,?,ALTA,ORGAO PUBLICO DO PODER EXECUTIVO FEDERAL,DEMAIS,478,8411600,1978?04?30,?,+500M,?,cnpj.df.spoa@fazenda.gov.br,?,?,?,?,?,?,?,?,?,?,?,?,?,?,?,?,?,?,?,?,?,?,?,?
33611500018247,33.611.500/0182?47,não,5085,Milho,Oeste,Jose Alves,A? 20230186,Baixo,RAFAEL BRAGA,GERDAU SA,RS,?,?29.95508,?51.62534,CHARQUEADAS,CENTRO,AVENIDA GETULIO VARGAS,96745000,FILIAL,501 ? 1.000,?,?,?,EM CRESCIMENTO,ALTA,SOCIEDADE ANONIMA ABERTA,DEMAIS,9,2423702,2017?08?01,+500M,+500M,?,cpg?dteicms@gerdau.com.br,?,?,?,?,?,?,?,(11) 30946600,,,?,MAURO DE PAULA,DIRETOR,FABIO EDUARDO DE PIERI SPINA,DIRETOR,AUGUSTO BRAUNA PINHEIRO,CONSELHEIRO DE ADMINISTRACAO,"GUILHERME CHAGAS GERDAU JOHANNPETER,FERNANDO PESSANHA SANTOS,ALBERTO FERNANDES,ANDRE BIER GERDAU JOHANNPETER,WENDEL GOMES DA SILVA,MARCOS EDUARDO FARACO WAHRHAFTIG,RAFAEL DORNELES JAPUR,CLAUDIO JOHANNPETER,RUBENS FERNANDES PEREIRA,CLAUDIA SENDER RAMIREZ,FLADIMIR BATISTA LOPES GAUTO,GUSTAVO WERNECK DA CUNHA,HERMENIO PINTO GONCALVES,CESAR OBINO DA ROSA PERES",?,?,?,?,?,?
04891850000188,04.891.850/0001?88,sim,5086,Ervilha,Norte,Taila Querido,A? 20230187,Medio,DENIS ALENCAR CCMA,CONFEDERACAO NACIONAL DAS COOPERATIVAS DO SICOOB LTDA,DF,SICOOB CONFEDERACAO,?15.79342,?47.91444,BRASILIA,SIG,SETOR SIG QUADRA 06,70610460,MATRIZ,501 ? 1.000,35,?,36,EM CRESCIMENTO,ALTA,COOPERATIVA,DEMAIS,2,9499500,2002?02?01,?,+500M,sicoobconsorcios.com.br,?,?,?,?,?,?,?,?,(61) 32175800,,,?,FRANCISCO SILVIO REPOSSE JUNIOR,DIRETOR,MARCOS VINICIUS VIANA BORGES,DIRETOR,FERNANDO VICENTE NETTO,DIRETOR,"ANTONIO CANDIDO VILACA JUNIOR,RUBENS RODRIGUES FILHO,MARCO AURELIO BORGES DE ALMADA ABREU,ENIO MEINEN",?,9499?5/00,ATIVIDADES DE ASSOCIACOES DE DEFESA DE DIREITOS SOCIAIS,,,?
33592510000154,33.592.510/0001?54,não,5087,Lactobacilos vivos,Sul,Diogo Coelho,A? 20230188,Nulo,DENIS ALENCAR CCMA,VALE SA,RJ,?,?22.94216,?43.17843,RIO DE JANEIRO,BOTAFOGO,PRAIA BOTAFOGO,22250145,MATRIZ,1.001 ? 5.000,175074,?,?,EM CRESCIMENTO,ALTA,SOCIEDADE ANONIMA ABERTA,DEMAIS,132,710301,1969?02?11,+500M,+500M,vale.com,danilo.cidrini@vale.com,?,?,?,?,?,?,?,(21) 34855000,(21) 34855000,,?,MARCELLO MAGISTRINI SPINELLI,DIRETOR,CARLOS HENRIQUE SENNA MEDEIROS,DIRETOR,ALEXANDRE GOMES PEREIRA,DIRETOR,"GUSTAVO DUARTE PIMENTA,EDUARDO DE SALLES BARTOLOMEO,ALEXANDRE SILVA D AMBROSIO,RAFAEL JABUR BITTAR,MARIA LUIZA DE OLIVEIRA PINTO E PAIVA,MARINA BARRENNE DE ARTAGAO QUENTAL",?,0710?3/01,ATIVIDADES DE APOIO A EXTRACAO DE MINERIO DE FERRO,SERVICOS COMBINADOS DE ESCRITORIO E APOIO ADMINISTRATIVO,,?
06164253000187,06.164.253/0001?87,sim,5088,Arroz,Leste,Lucas Soares,A? 20230189,sem informação,DENISE KATZ,GOL LINHAS AEREAS INTELIGENTES SA,SP,?,?23.62736,?46.66126,SAO PAULO,CAMPO BELO,PRACA LINNEU GOMES,4626020,MATRIZ,?,5506,?,?,ESTAVEL,ALTA,SOCIEDADE ANONIMA ABERTA,DEMAIS,1,6462000,2004?03?22,+500M,+500M,voegol.com.br,bambanassessoria@bambanassessoria.net,11098679422,?,?,?,?,?,?,(11) 28412702,(11) 998679422,,?,RICHARD FREEMAN LARK JR,DIRETOR,CELSO GUIMARAES FERRER JUNIOR,PRESIDENTE,CARLA PATRICIA CABRAL DA FONSECA,DIRETOR,EDUARDO JOSE BERNARDES NETO,?,6462?0/00,?,?,?,?
21389501000181,21.389.501/0001?81,não,5089,Feijão,Oeste,Arthur Parahyba,A? 20230190,Sem contato,LETICIA SANTOS,COMPASS GAS E ENERGIA SA,SP,?,?23.57304,?46.68957,SAO PAULO,ITAIM BIBI,AVENIDA BRIGADEIRO FARIA LIMA,4538132,MATRIZ,4 ?15,?,?,?,ESTAVEL,MEDIA,SOCIEDADE ANONIMA FECHADA,DEMAIS,0,6462000,2014?11?12,+500M,+500M,?,?,?,?,?,?,?,?,?,(19) 34238000,,,?,ADRIANO NOGUEIRA ZERBINI,DIRETOR,ELISANGELA FERREIRA MARTINS,DIRETOR,DEMETRIO ANTONIO DE TOLEDO MAGALHAES FILHO,DIRETOR,"FREDERICO SUANO PACHECO DE ARAUJO,NELSON ROSEIRA GOMES NETO",silvia.folegoto@raizen.com,6462?0/00,?,?,?,?
02846056000197,02.846.056/0001?97,sim,5090,Café,Norte,Jose Alves,A? 20230191,Alto,JOAQUIM CARLOS DE OLIVEIRA JUNIOR,CCR SA,SP,?,?23.59214,?46.68912,SAO PAULO,VILA OLIMPIA,AVENIDA CHEDID JAFET,4551065,MATRIZ,51 ? 200,6433,75,92,EM CRESCIMENTO,ALTA,SOCIEDADE ANONIMA ABERTA,DEMAIS,2,6462000,1998?10?27,?,+500M,grupoccr.com.br,regularidadefiscal.actua@grupoccr.com.br,11030485951,http://www.linkedin.com/company/370930,?,?,?,?,(11) 30485925,(11) 30485900,(11) 30485951,,?,WILSON NELIO BRUMER,CONSELHEIRO DE ADMINISTRACAO,JOAO HENRIQUE BATISTA DE SOUZA SCHMIDT,CONSELHEIRO DE ADMINISTRACAO,MARCIO YASSUHIRO IHA,DIRETOR,"LUIZ CARLOS CAVALCANTI DUTRA JUNIOR,EDUARDO BUNKER GENTIL,FABIO RUSSO CORREA,VICENTE FURLETTI ASSIS,GUSTAVO MARQUES DO CANTO LOPES,MATEUS GOMES FERREIRA,JOSE GUIMARAES MONFORTE,MARCIO MAGALHAES HANNAS,ANTONIO DE TOLEDO MENDES PEREIRA FILHO,ELIANE ALEIXO LUSTOSA DE ANDRADE,EDUARDO SIQUEIRA MORAES CAMARGO,ANA MARIA MARCONDES PENIDO SANT ANNA,ROBERTO PENNA CHAVES NETO,ROBERTO EGYDIO SETUBAL,FLAVIO ME",?,6462?0/00,?,?,?,?
08804832000172,08.804.832/0001?72,não,5091,Leite,Sul,Taila Querido,A? 20230192,Baixo,AILBER DIAS,FUNDO NACIONAL DE DESENVOLVIMENTO CIENTIFICO E TECNOLOGICOFNDCT,RJ,FUNDO NACIONAL DE DESENV CIENTIFICO E TECNOLOGICO,?22.90945,?43.18063,RIO DE JANEIRO,CENTRO,AVENIDA REPUBLICA DO CHILE,20031170,MATRIZ,?,?,?,?,?,BAIXA,FUNDO PUBLICO DA ADMINISTRACAO DIRETA FEDERAL,DEMAIS,0,8411600,1969?07?31,?,+500M,?,?,?,?,?,?,?,?,?,(21) 25550243,(21) 25550330,,?,?,?,?,?,?,?,?,?,8411?6/00,?,?,?,?
10314689000182,10.314.689/0001?82,sim,5092,Pão,Leste,Diogo Coelho,A? 20230193,Medio,TESTE RAPIDO,ESAPIENS TECNOLOGIA SA,SC,ESAPIENS,?27.54083,?48.50561,FLORIANOPOLIS,TRINDADE,AVENIDA DESEMBARGADOR VITOR LIMA,88040400,MATRIZ,?,240,?,84,EM CRESCIMENTO,ALTA,SOCIEDADE ANONIMA FECHADA,DEMAIS,1,6202300,2008?09?03,R$0 ? R$100k,+500M,cinicas.com.br,financeiro@esapiens.com.br,48099157430,?,https://www.instagram.com/coletivocinicas/,?,?,?,?,(48) 40422420,(48) 40422420,(48) 999157430,?,CARINA JESINSKI DE ANDRADE,DIRETOR,MAYUMI DE ANDRADE E SILVA SATO,DIRETOR,JOSE LEANDRO GOMES,DIRETOR,"RAPHAEL VINICIUS SILVEIRA MARTIGNONI,LEANDRO AUGUSTO KITAMURA",crestani@eprimer.com.br,6202?3/00,TRATAMENTO DE DADOS PROVEDORES DE SERVICOS DE APLICACAO E SERVICOS DE HOSPEDAGEM NA INTERNET,CONSULTORIA EM TECNOLOGIA DA INFORMACAO,PORTAIS PROVEDORES DE CONTEUDO E OUTROS SERVICOS DE INFORMACAO NA INTERNET,"DESENVOLVIMENTO E LICENCIAMENTO DE PROGRAMAS DE COMPUTADOR NAOCUSTOMIZAVEIS,SUPORTE TECNICO MANUTENCAO E OUTROS SERVICOS EM TECNOLOGIA DA INFORMACAO,DESENVOLVIMENTO DE PROGRAMAS DE COMPUTADOR SOB ENCOMENDA"
00394460002438,00.394.460/0024?38,não,5093,Milho,Oeste,Lucas Soares,A? 20230194,Nulo,JOSIE GUIMARAES SILVA PRASERES,MINISTERIO DA FAZENDA,SP,SUPERINTENDENCIA DE ADMINISTRACAO DO MF EM SAO PAULO,?23.53815,?46.63408,SAO PAULO,LUZ,AVENIDA PRESTES MAIA,1031906,FILIAL,1.001 ? 5.000,2861,?,?,?,ALTA,ORGAO PUBLICO DO PODER EXECUTIVO FEDERAL,DEMAIS,478,8411600,1975?11?28,?,+500M,?,gra.sp.gra@fazenda.gov.br,11021132953,?,?,?,?,?,?,(11) 21132707,(11) 21132953,,?,?,?,?,?,?,?,?,?,?,?,?,?,?
00394460001113,00.394.460/0011?13,sim,5094,Ervilha,Norte,Arthur Parahyba,A? 20230195,sem informação,MARINA LEMOS FAJARDO,MINISTERIO DA FAZENDA,RJ,SUPERINTENDENCIA DE ADMINISTRACAO DO MF RJ,?22.90801,?43.17291,RIO DE JANEIRO,CENTRO,AVENIDA PRES ANTONIO CARLOS,20020010,FILIAL,1.001 ? 5.000,2861,?,?,?,ALTA,ORGAO PUBLICO DO PODER EXECUTIVO FEDERAL,DEMAIS,478,8411600,1975?11?28,?,+500M,,,,,,,,?,?,?,?,?,?,?,?,?,?,?,?,?,?,?,?,?,?,?
00394460010708,00.394.460/0107?08,não,5095,Lactobacilos vivos,Sul,Jose Alves,A? 20230196,Sem contato,VITORIA NICASSIA,MINISTERIO DA FAZENDA,RJ,SUPERINTENTENCIA REGIONAL DA RFB NA 7A RF,?22.90801,?43.17291,RIO DE JANEIRO,CASTELO,AVENIDA PRESIDENTE ANTONIO CARLOS,20020010,FILIAL,1.001 ? 5.000,2861,?,?,?,ALTA,ORGAO PUBLICO DO PODER EXECUTIVO FEDERAL,DEMAIS,478,8411600,1978?04?30,?,+500M,?,fpanetti@receita.fazenda.gov.br,?,?,?,?,?,?,?,?,?,?,?,?,?,?,?,?,?,?,?,?,?,?,?,?
61532644000115,61.532.644/0001?15,sim,5096,Arroz,Leste,Taila Querido,A? 20230197,Alto,JOSE JUNIOR,ITAUSA SA,SP,?,?23.56317,?46.65433,SAO PAULO,BELA VISTA,AVENIDA PAULISTA,1310200,MATRIZ,51 ? 200,102,50,66,EM DECLINIO,ALTA,SOCIEDADE ANONIMA ABERTA,DEMAIS,0,6462000,1966?08?04,+500M,+500M,itausa.com.br,contabilidade@itausa.com.br,?,https://www.linkedin.com/company/itausa,https://www.instagram.com/itausaholding,?,?,?,?,(11) 35434782,,,?,ROBERTO EGYDIO SETUBAL,CONSELHEIRO DE ADMINISTRACAO,ANA LUCIA DE MATTOS BARRETTO VILLELA,CONSELHEIRO DE ADMINISTRACAO,VICENTE FURLETTI ASSIS,CONSELHEIRO DE ADMINISTRACAO,"PRISCILA GRECCO TOLEDO,FREDERICO DE SOUZA QUEIROZ PASCOWITCH,RODOLFO VILLELA MARINO,EDSON CARLOS DE MARCHI,FERNANDO MARQUES OLIVEIRA,HENRI PENCHAS,PATRICIA DE MORAES,ALFREDO EGYDIO SETUBAL,MARIA FERNANDA RIBAS CARAMURU,RICARDO EGYDIO SETUBAL,ALFREDO EGYDIO ARRUDA VILLELA FILHO",?,6462?0/00,?,?,?,?
33611500003649,33.611.500/0036?49,não,5097,Feijão,Oeste,Diogo Coelho,A? 20230198,Baixo,ANA BAILARINA,GERDAU SA,RS,?,?30.01527,?51.20389,PORTO ALEGRE,FLORESTA,TRAVESSA AZEVEDO,90220200,FILIAL,?,?,?,?,EM CRESCIMENTO,ALTA,SOCIEDADE ANONIMA ABERTA,DEMAIS,9,6462000,1989?04?26,+500M,+500M,,,,,,,,?,?,?,?,?,?,AUGUSTO BRAUNA PINHEIRO,CONSELHEIRO DE ADMINISTRACAO,CLAUDIO JOHANNPETER,CONSELHEIRO DE ADMINISTRACAO,WENDEL GOMES DA SILVA,DIRETOR,"MAURO DE PAULA,ALBERTO FERNANDES,CLAUDIA SENDER RAMIREZ,HERMENIO PINTO GONCALVES,FLADIMIR BATISTA LOPES GAUTO,RAFAEL DORNELES JAPUR,MARCOS EDUARDO FARACO WAHRHAFTIG,FABIO EDUARDO DE PIERI SPINA,RUBENS FERNANDES PEREIRA,ANDRE BIER GERDAU JOHANNPETER,CESAR OBINO DA ROSA PERES,GUSTAVO WERNECK DA CUNHA,FERNANDO PESSANHA SANTOS,GUILHERME CHAGAS GERDAU JOHANNPETER",?,?,?,?,?,?
00394460013553,00.394.460/0135?53,sim,5098,Café,Norte,Lucas Soares,A? 20230199,Medio,MARCELO BRITTO FERREITA,MINISTERIO DA FAZENDA,PR,SUPERINTENDENCIA REG DA RECEITA FEDERAL DO BRASIL 9 RF,?25.43018,?49.26703,CURITIBA,CENTRO,RUA MARECHAL DEODORO,80020911,FILIAL,1.001 ? 5.000,2861,?,?,?,ALTA,ORGAO PUBLICO DO PODER EXECUTIVO FEDERAL,DEMAIS,478,8411600,1978?04?30,?,+500M,,,,,,,,?,?,(41) 33208276,,,?,?,?,?,?,?,?,?,?,?,?,?,?,?
00394460001466,00.394.460/0014?66,não,5099,Leite,Sul,Arthur Parahyba,A? 20230200,Nulo,MARCELO BRITTO FERREITA,MINISTERIO DA FAZENDA,MG,SUPERINTENDENCIA DE ADMINISTRACAO DO MFMG,?19.92315,?43.93614,BELO HORIZONTE,CENTRO,AVENIDA AFONSO PENA,30130003,FILIAL,501 ? 1.000,2861,?,?,?,ALTA,ORGAO PUBLICO DO PODER EXECUTIVO FEDERAL,DEMAIS,478,8411600,1975?11?28,?,+500M,,,,,,,,?,?,(31) 32186720,,,?,?,?,?,?,?,?,?,?,?,?,?,?,?
